state,lga,pop_2025_projected,pop_number_children_u5,prev_u5_dhs_2021,percentage_urban_pop,chemoprevention_split,code_cm_public,code_iptp,code_smc,code_pmc,code_vacc,code_irs,code_lsm,code_itn_campaign,code_itn_routine,code_itn_urban,code_cm_private
Benue,Ado,325721,59933,33.8,25,PMC,1,1,0,1,1,1,1,0,1,0,1
Benue,Agatu,204201,37573,33.8,0,SMC,1,1,1,0,1,1,1,0,1,0,1
Benue,Apa,170961,31457,33.8,0,SMC,1,1,1,0,1,1,1,0,1,0,1
Benue,Buruku,364277,67027,33.8,69,PMC,1,1,0,1,1,1,1,0,1,0,1
Benue,Gboko,638277,117443,33.8,78,PMC,1,1,0,1,1,1,1,0,1,0,1
Benue,Guma,342989,63110,33.8,29,SMC,1,1,1,0,1,1,1,0,1,0,1
Benue,Gwer East,297936,54820,33.8,18,PMC,1,1,0,1,1,1,1,0,1,0,1
Benue,Gwer West,216065,39756,33.8,35,SMC,1,1,1,0,1,1,1,0,1,0,1
Benue,Katsina Ala,398292,73286,33.8,45,PMC,1,1,0,1,1,1,1,0,1,0,1
Benue,Konshisha,400096,73618,33.8,57,PMC,1,1,0,1,1,1,1,0,1,0,1
Benue,Kwande,439224,80817,33.8,63,PMC,1,1,0,1,1,1,1,0,1,0,1
Benue,Logo,299544,55116,33.8,43,SMC,1,1,1,0,1,1,1,0,1,0,1
Benue,Makurdi,530613,97633,33.8,95,SMC,1,1,1,0,1,1,1,0,1,0,1
Benue,Obi,174365,32083,33.8,0,PMC,1,1,0,1,1,1,1,0,1,0,1
Benue,Ogbadibo,231389,42576,33.8,73,PMC,1,1,0,1,1,1,1,0,1,0,1
Benue,Ohimini,124870,22976,33.8,3,PMC,1,1,0,1,1,1,1,0,1,0,1
Benue,Oju,297638,54765,33.8,34,PMC,1,1,0,1,1,1,1,0,1,0,1
Benue,Okpokwu,310189,57075,33.8,0,PMC,1,1,0,1,1,1,1,0,1,0,1
Benue,Oturkpo,470612,86593,33.8,47,PMC,1,1,0,1,1,1,1,0,1,0,1
Benue,Tarka,140047,25769,33.8,78,SMC,1,1,1,0,1,1,1,0,1,0,1
Benue,Ukum,383298,70527,33.8,83,SMC,1,1,1,0,1,1,1,0,1,0,1
Benue,Ushongo,339051,62385,33.8,55,PMC,1,1,0,1,1,1,1,0,1,0,1
Benue,Vandeikya,414360,76242,33.8,89,PMC,1,1,0,1,1,1,1,0,1,0,1
Federal Capital Territory,Abaji,316579,49703,34.6,0,SMC,1,1,1,0,1,1,1,1,1,1,1
Federal Capital Territory,Abuja Municipal,4190844,657963,34.6,93,SMC,1,1,1,0,1,1,1,1,1,1,1
Federal Capital Territory,Bwari,1237736,194324,34.6,87,SMC,1,1,1,0,1,1,1,1,1,1,1
Federal Capital Territory,Gwagwalada,856299,134439,34.6,73,SMC,1,1,1,0,1,1,1,1,1,1,1
Federal Capital Territory,Kuje,524912,82411,34.6,54,SMC,1,1,1,0,1,1,1,1,1,1,1
Federal Capital Territory,Kwali,465210,73038,34.6,12,SMC,1,1,1,0,1,1,1,1,1,0,1
Kogi,Adavi,383008,72006,27.7,79,SMC,1,1,1,0,1,1,1,1,1,0,1
Kogi,Ajaokuta,215876,40585,27.7,30,SMC,1,1,1,0,1,1,1,1,1,0,1
Kogi,Ankpa,469331,88234,27.7,44,PMC,1,1,0,1,1,1,1,1,1,0,1
Kogi,Bassa,246301,46305,27.7,0,SMC,1,1,1,0,1,1,1,1,1,0,1
Kogi,Dekina,460148,86508,27.7,27,SMC,1,1,1,0,1,1,1,1,1,0,1
Kogi,Ibaji,224939,42289,27.7,0,PMC,1,1,0,1,1,1,1,1,1,0,1
Kogi,Idah,140627,26438,27.7,90,PMC,1,1,0,1,1,1,1,1,1,0,1
Kogi,Igalamela Odolu,259280,48745,27.7,25,PMC,1,1,0,1,1,1,1,1,1,0,1
Kogi,Ijumu,209107,39312,27.7,0,PMC,1,1,0,1,1,1,1,1,1,0,1
Kogi,Kabba/Bunu,254927,47926,27.7,54,PMC,1,1,0,1,1,1,1,1,1,0,1
Kogi,Kogi,202948,38154,27.7,0,SMC,1,1,1,0,1,1,1,1,1,0,1
Kogi,Lokoja,346728,65185,27.7,64,SMC,1,1,1,0,1,1,1,1,1,0,1
Kogi,Mopa Muro,77159,14506,27.7,0,PMC,1,1,0,1,1,1,1,1,1,0,1
Kogi,Ofu,337624,63473,27.7,0,PMC,1,1,0,1,1,1,1,1,1,0,1
Kogi,Ogori/Mangongo,70189,13196,27.7,0,PMC,1,1,0,1,1,1,1,1,1,0,1
Kogi,Okehi,394214,74112,27.7,82,SMC,1,1,1,0,1,1,1,1,1,0,1
Kogi,Okene,574150,107940,27.7,97,PMC,1,1,0,1,1,1,1,1,1,0,1
Kogi,Olamabolo,279455,52538,27.7,29,PMC,1,1,0,1,1,1,1,1,1,0,1
Kogi,Omala,190373,35790,27.7,0,SMC,1,1,1,0,1,1,1,1,1,0,1
Kogi,Yagba East,260326,48941,27.7,0,SMC,1,1,1,0,1,1,1,1,1,0,1
Kogi,Yagba West,246726,46384,27.7,0,SMC,1,1,1,0,1,1,1,1,1,0,1
Kwara,Asa,216999,37758,17.6,49,SMC,1,1,1,0,1,1,1,0,1,0,1
Kwara,Baruten,359748,62596,17.6,0,SMC,1,1,1,0,1,1,1,0,1,0,1
Kwara,Edu,350981,61071,17.6,0,SMC,1,1,1,0,1,1,1,0,1,0,1
Kwara,Ekiti,94688,16476,17.6,0,PMC,1,1,0,1,1,1,1,0,1,0,1
Kwara,Ifelodun,356782,62080,17.6,31,SMC,1,1,1,0,1,1,1,0,1,0,1
Kwara,Ilorin East,361111,62833,17.6,82,SMC,1,1,1,0,1,1,1,0,1,1,1
Kwara,Ilorin South,364225,63375,17.6,97,SMC,1,1,1,0,1,1,1,0,1,1,1
Kwara,Ilorin West,635708,110613,17.6,100,SMC,1,1,1,0,1,1,1,0,1,1,1
Kwara,Irepodun,256904,44701,17.6,36,PMC,1,1,0,1,1,1,1,0,1,0,1
Kwara,Isin,103533,18015,17.6,0,PMC,1,1,0,1,1,1,1,0,1,0,1
Kwara,Kaiama,215862,37560,17.6,0,SMC,1,1,1,0,1,1,1,0,1,0,1
Kwara,Moro,189231,32926,17.6,8,SMC,1,1,1,0,1,1,1,0,1,0,1
Kwara,Offa,154871,26948,17.6,97,PMC,1,1,0,1,1,1,1,0,1,0,1
Kwara,Oke Ero,99163,17254,17.6,50,SMC,1,1,1,0,1,1,1,0,1,0,1
Kwara,Oyun,164408,28607,17.6,69,PMC,1,1,0,1,1,1,1,0,1,0,1
Kwara,Pategi,192950,33573,17.6,0,SMC,1,1,1,0,1,1,1,0,1,0,1
Nasarawa,Akwanga,198039,37825,29.9,40,SMC,1,1,1,0,1,1,1,1,1,0,1
Nasarawa,Awe,200129,38225,29.9,0,SMC,1,1,1,0,1,1,1,1,1,0,1
Nasarawa,Doma,245979,46982,29.9,37,SMC,1,1,1,0,1,1,1,1,1,0,1
Nasarawa,Karu,382673,73091,29.9,76,SMC,1,1,1,0,1,1,1,1,1,0,1
Nasarawa,Keana,144767,27651,29.9,0,SMC,1,1,1,0,1,1,1,1,1,0,1
Nasarawa,Keffi,163790,31284,29.9,92,SMC,1,1,1,0,1,1,1,1,1,0,1
Nasarawa,Kokona,192121,36695,29.9,7,SMC,1,1,1,0,1,1,1,1,1,0,1
Nasarawa,Lafia,583879,111521,29.9,60,SMC,1,1,1,0,1,1,1,1,1,0,1
Nasarawa,Nasarawa,262640,50164,29.9,26,SMC,1,1,1,0,1,1,1,1,1,0,1
Nasarawa,Nasarawa Eggon,331333,63285,29.9,43,SMC,1,1,1,0,1,1,1,1,1,0,1
Nasarawa,Obi,263652,50358,29.9,36,SMC,1,1,1,0,1,1,1,1,1,0,1
Nasarawa,Toto,210691,40242,29.9,0,SMC,1,1,1,0,1,1,1,1,1,0,1
Nasarawa,Wamba,128638,24570,29.9,0,SMC,1,1,1,0,1,1,1,1,1,0,1
Niger,Agaie,250255,49801,42.6,0,SMC,1,1,1,0,1,1,1,1,1,0,1
Niger,Agwara,108642,21620,42.6,0,SMC,1,1,1,0,1,1,1,1,1,0,1
Niger,Bida,351523,69953,42.6,99,SMC,1,1,1,0,1,1,1,1,1,0,1
Niger,Borgu,327430,65158,42.6,12,SMC,1,1,1,0,1,1,1,1,1,0,1
Niger,Bosso,280638,55847,42.6,51,SMC,1,1,1,0,1,1,1,1,1,0,1
Niger,Chanchaga,382968,76211,42.6,100,SMC,1,1,1,0,1,1,1,1,1,0,1
Niger,Edati,302769,60251,42.6,0,SMC,1,1,1,0,1,1,1,1,1,0,1
Niger,Gbako,240303,47820,42.6,2,SMC,1,1,1,0,1,1,1,1,1,0,1
Niger,Gurara,172167,34261,42.6,20,SMC,1,1,1,0,1,1,1,1,1,0,1
Niger,Katcha,229027,45576,42.6,0,SMC,1,1,1,0,1,1,1,1,1,0,1
Niger,Kontagora,287898,57292,42.6,54,SMC,1,1,1,0,1,1,1,1,1,0,1
Niger,Lapai,221692,44117,42.6,0,SMC,1,1,1,0,1,1,1,1,1,0,1
Niger,Lavun,397415,79086,42.6,0,SMC,1,1,1,0,1,1,1,1,1,0,1
Niger,Magama,343788,68414,42.6,0,SMC,1,1,1,0,1,1,1,1,1,0,1
Niger,Mariga,378135,75249,42.6,0,SMC,1,1,1,0,1,1,1,1,1,0,1
Niger,Mashegu,407683,81129,42.6,0,SMC,1,1,1,0,1,1,1,1,1,0,1
Niger,Mokwa,460086,91557,42.6,19,SMC,1,1,1,0,1,1,1,1,1,0,1
Niger,Muya,196003,39005,42.6,0,SMC,1,1,1,0,1,1,1,1,1,0,1
Niger,Paikoro,299662,59633,42.6,2,SMC,1,1,1,0,1,1,1,1,1,0,1
Niger,Rafi,352594,70166,42.6,0,SMC,1,1,1,0,1,1,1,1,1,0,1
Niger,Rijau,333802,66427,42.6,16,SMC,1,1,1,0,1,1,1,1,1,0,1
Niger,Shiroro,446459,88845,42.6,0,SMC,1,1,1,0,1,1,1,1,1,0,1
Niger,Suleja,407452,81083,42.6,99,SMC,1,1,1,0,1,1,1,1,1,0,1
Niger,Tafa,158896,31620,42.6,88,SMC,1,1,1,0,1,1,1,1,1,0,1
Niger,Wushishi,154884,30822,42.6,0,SMC,1,1,1,0,1,1,1,1,1,0,1
Plateau,Barikin Ladi,311818,53321,26.4,4,SMC,1,1,1,0,1,1,1,0,1,0,1
Plateau,Bassa,329210,56295,26.4,28,SMC,1,1,1,0,1,1,1,0,1,0,1
Plateau,Bokkos,311376,53245,26.4,28,SMC,1,1,1,0,1,1,1,0,1,0,1
Plateau,Jos East,153132,26185,26.4,10,SMC,1,1,1,0,1,1,1,0,1,1,1
Plateau,Jos North,758222,129656,26.4,99,SMC,1,1,1,0,1,1,1,0,1,1,1
Plateau,Jos South,540016,92343,26.4,96,SMC,1,1,1,0,1,1,1,0,1,1,1
Plateau,Kanam,290685,49707,26.4,4,SMC,1,1,1,0,1,1,1,0,1,0,1
Plateau,Kanke,215506,36851,26.4,5,SMC,1,1,1,0,1,1,1,0,1,0,1
Plateau,Langtang North,246804,42204,26.4,72,SMC,1,1,1,0,1,1,1,0,1,0,1
Plateau,Langtang South,182391,31189,26.4,0,SMC,1,1,1,0,1,1,1,0,1,0,1
Plateau,Mangu,521162,89119,26.4,46,SMC,1,1,1,0,1,1,1,0,1,0,1
Plateau,Mikang,167156,28584,26.4,5,SMC,1,1,1,0,1,1,1,0,1,0,1
Plateau,Pankshin,329696,56378,26.4,27,SMC,1,1,1,0,1,1,1,0,1,0,1
Plateau,Qua'an Pan,342116,58502,26.4,9,SMC,1,1,1,0,1,1,1,0,1,0,1
Plateau,Riyom,228529,39079,26.4,17,SMC,1,1,1,0,1,1,1,0,1,0,1
Plateau,Shendam,355717,60828,26.4,17,SMC,1,1,1,0,1,1,1,0,1,0,1
Plateau,Wase,277231,47406,26.4,14,SMC,1,1,1,0,1,1,1,0,1,0,1
Adamawa,Demsa,306551,53953,27.9,12,SMC,1,1,1,0,1,1,1,0,1,0,1
Adamawa,Fufore,359908,63344,27.9,4,SMC,1,1,1,0,1,1,1,0,1,0,1
Adamawa,Ganye,292016,51395,27.9,34,SMC,1,1,1,0,1,1,1,0,1,0,1
Adamawa,Girei,223125,39270,27.9,39,SMC,1,1,1,0,1,1,1,0,1,0,1
Adamawa,Gombi,253937,44693,27.9,31,SMC,1,1,1,0,1,1,1,0,1,0,1
Adamawa,Guyuk,303282,53378,27.9,0,SMC,1,1,1,0,1,1,1,0,1,0,1
Adamawa,Hong,290701,51163,27.9,11,SMC,1,1,1,0,1,1,1,0,1,0,1
Adamawa,Jada,289433,50940,27.9,0,SMC,1,1,1,0,1,1,1,0,1,0,1
Adamawa,Lamurde,191164,33645,27.9,0,SMC,1,1,1,0,1,1,1,0,1,0,1
Adamawa,Madagali,232210,40869,27.9,0,SMC,1,1,1,0,1,1,1,0,1,0,1
Adamawa,Maiha,189310,33319,27.9,0,SMC,1,1,1,0,1,1,1,0,1,0,1
Adamawa,Mayo Belwa,262556,46210,27.9,18,SMC,1,1,1,0,1,1,1,0,1,0,1
Adamawa,Michika,266740,46946,27.9,34,SMC,1,1,1,0,1,1,1,0,1,0,1
Adamawa,Mubi North,260343,45820,27.9,53,SMC,1,1,1,0,1,1,1,0,1,0,1
Adamawa,Mubi South,223299,39301,27.9,64,SMC,1,1,1,0,1,1,1,0,1,0,1
Adamawa,Numan,157305,27686,27.9,53,SMC,1,1,1,0,1,1,1,0,1,0,1
Adamawa,Shelleng,255145,44906,27.9,0,SMC,1,1,1,0,1,1,1,0,1,0,1
Adamawa,Song,335385,59028,27.9,0,SMC,1,1,1,0,1,1,1,0,1,0,1
Adamawa,Toungo,89657,15780,27.9,0,SMC,1,1,1,0,1,1,1,0,1,0,1
Adamawa,Yola North,343093,60384,27.9,100,SMC,1,1,1,0,1,1,1,0,1,0,1
Adamawa,Yola South,337118,59333,27.9,68,SMC,1,1,1,0,1,1,1,0,1,0,1
Bauchi,Alkaleri,618503,123701,59.6,15,SMC,1,1,1,0,1,1,1,0,1,0,1
Bauchi,Bauchi,930211,186042,59.6,65,SMC,1,1,1,0,1,1,1,0,1,1,1
Bauchi,Bogoro,157900,31580,59.6,0,SMC,1,1,1,0,1,1,1,0,1,0,1
Bauchi,Damban,283007,56601,59.6,0,SMC,1,1,1,0,1,1,1,0,1,0,1
Bauchi,Darazo,470910,94182,59.6,14,SMC,1,1,1,0,1,1,1,0,1,0,1
Bauchi,Dass,169779,33956,59.6,0,SMC,1,1,1,0,1,1,1,0,1,0,1
Bauchi,Gamawa,535844,107169,59.6,0,SMC,1,1,1,0,1,1,1,0,1,0,1
Bauchi,Ganjuwa,524653,104931,59.6,0,SMC,1,1,1,0,1,1,1,0,1,0,1
Bauchi,Giade,293953,58791,59.6,27,SMC,1,1,1,0,1,1,1,0,1,0,1
Bauchi,Itas/Gadau,430556,86111,59.6,0,SMC,1,1,1,0,1,1,1,0,1,0,1
Bauchi,Jama'are,221342,44268,59.6,0,SMC,1,1,1,0,1,1,1,0,1,0,1
Bauchi,Katagum,552064,110413,59.6,45,SMC,1,1,1,0,1,1,1,0,1,0,1
Bauchi,Kirfi,274385,54877,59.6,0,SMC,1,1,1,0,1,1,1,0,1,0,1
Bauchi,Misau,492509,98502,59.6,23,SMC,1,1,1,0,1,1,1,0,1,0,1
Bauchi,Ningi,727237,145447,59.6,12,SMC,1,1,1,0,1,1,1,0,1,0,1
Bauchi,Shira,440866,88173,59.6,1,SMC,1,1,1,0,1,1,1,0,1,0,1
Bauchi,Tafawa Balewa,416959,83392,59.6,0,SMC,1,1,1,0,1,1,1,0,1,0,1
Bauchi,Toro,651881,130376,59.6,7,SMC,1,1,1,0,1,1,1,0,1,0,1
Bauchi,Warji,216634,43327,59.6,0,SMC,1,1,1,0,1,1,1,0,1,0,1
Bauchi,Zaki,357410,71482,59.6,0,SMC,1,1,1,0,1,1,1,0,1,0,1
Borno,Abadam,191318,36542,18.8,0,SMC,1,1,1,0,1,1,1,0,1,0,1
Borno,Askira/Uba,274006,52335,18.8,22,SMC,1,1,1,0,1,1,1,0,1,0,1
Borno,Bama,516452,98642,18.8,42,SMC,1,1,1,0,1,1,1,0,1,0,1
Borno,Bayo,151192,28878,18.8,0,SMC,1,1,1,0,1,1,1,0,1,0,1
Borno,Biu,336043,64184,18.8,36,SMC,1,1,1,0,1,1,1,0,1,0,1
Borno,Chibok,126825,24224,18.8,0,SMC,1,1,1,0,1,1,1,0,1,0,1
Borno,Damboa,445865,85160,18.8,37,SMC,1,1,1,0,1,1,1,0,1,0,1
Borno,Dikwa,200834,38359,18.8,0,SMC,1,1,1,0,1,1,1,0,1,0,1
Borno,Gubio,289250,55247,18.8,0,SMC,1,1,1,0,1,1,1,0,1,0,1
Borno,Guzamala,183529,35054,18.8,0,SMC,1,1,1,0,1,1,1,0,1,0,1
Borno,Gwoza,528782,100997,18.8,30,SMC,1,1,1,0,1,1,1,0,1,0,1
Borno,Hawul,230834,44089,18.8,0,SMC,1,1,1,0,1,1,1,0,1,0,1
Borno,Jere,399800,76362,18.8,90,SMC,1,1,1,0,1,1,1,0,1,0,1
Borno,Kaga,172067,32865,18.8,0,SMC,1,1,1,0,1,1,1,0,1,0,1
Borno,Kala/Balge,116311,22215,18.8,0,SMC,1,1,1,0,1,1,1,0,1,0,1
Borno,Konduga,300790,57451,18.8,36,SMC,1,1,1,0,1,1,1,0,1,0,1
Borno,Kukawa,388780,74257,18.8,0,SMC,1,1,1,0,1,1,1,0,1,0,1
Borno,Kwaya Kusar,108415,20707,18.8,0,SMC,1,1,1,0,1,1,1,0,1,0,1
Borno,Mafa,198077,37833,18.8,0,SMC,1,1,1,0,1,1,1,0,1,0,1
Borno,Magumeri,268163,51219,18.8,0,SMC,1,1,1,0,1,1,1,0,1,0,1
Borno,Maiduguri,1032479,197203,18.8,100,SMC,1,1,1,0,1,1,1,0,1,1,1
Borno,Marte,247422,47258,18.8,0,SMC,1,1,1,0,1,1,1,0,1,0,1
Borno,Mobbar,222995,42592,18.8,0,SMC,1,1,1,0,1,1,1,0,1,0,1
Borno,Monguno,209996,40109,18.8,60,SMC,1,1,1,0,1,1,1,0,1,0,1
Borno,Ngala,452170,86365,18.8,76,SMC,1,1,1,0,1,1,1,0,1,0,1
Borno,Nganzai,189424,36180,18.8,0,SMC,1,1,1,0,1,1,1,0,1,0,1
Borno,Shani,193085,36879,18.8,0,SMC,1,1,1,0,1,1,1,0,1,0,1
Gombe,Akko,617309,120375,33.1,56,SMC,1,1,1,0,1,1,1,0,1,0,1
Gombe,Balanga,386903,75446,33.1,0,SMC,1,1,1,0,1,1,1,0,1,0,1
Gombe,Billiri,370786,72303,33.1,46,SMC,1,1,1,0,1,1,1,0,1,0,1
Gombe,Dukku,379893,74079,33.1,0,SMC,1,1,1,0,1,1,1,0,1,0,1
Gombe,Funakaye,434829,84792,33.1,26,SMC,1,1,1,0,1,1,1,0,1,0,1
Gombe,Gombe,488169,95193,33.1,100,SMC,1,1,1,0,1,1,1,0,1,0,1
Gombe,Kaltungo,293424,57218,33.1,27,SMC,1,1,1,0,1,1,1,0,1,0,1
Gombe,Kwami,354898,69205,33.1,3,SMC,1,1,1,0,1,1,1,0,1,0,1
Gombe,Nafada (Bajoga),256457,50009,33.1,0,SMC,1,1,1,0,1,1,1,0,1,0,1
Gombe,Shomgom,276147,53849,33.1,10,SMC,1,1,1,0,1,1,1,0,1,0,1
Gombe,Yamaltu/Deba,467829,91227,33.1,4,SMC,1,1,1,0,1,1,1,0,1,0,1
Taraba,Ardo Kola,151394,28311,24.5,2,SMC,1,1,1,0,1,1,1,1,1,0,1
Taraba,Bali,363937,68056,24.5,0,PMC,1,1,0,1,1,1,1,1,1,0,1
Taraba,Donga,229556,42927,24.5,0,PMC,1,1,0,1,1,1,1,1,1,0,1
Taraba,Gashaka,150328,28111,24.5,0,PMC,1,1,0,1,1,1,1,1,1,0,1
Taraba,Gassol,422681,79041,24.5,15,SMC,1,1,1,0,1,1,1,1,1,0,1
Taraba,Ibi,145389,27188,24.5,0,SMC,1,1,1,0,1,1,1,1,1,0,1
Taraba,Jalingo,241996,45253,24.5,97,SMC,1,1,1,0,1,1,1,1,1,0,1
Taraba,Karin Lamido,334446,62541,24.5,0,SMC,1,1,1,0,1,1,1,1,1,0,1
Taraba,Kurmi,157427,29439,24.5,0,PMC,1,1,0,1,1,1,1,1,1,0,1
Taraba,Lau,164167,30699,24.5,0,SMC,1,1,1,0,1,1,1,1,1,0,1
Taraba,Sardauna,386931,72356,24.5,13,PMC,1,1,0,1,1,1,1,1,1,0,1
Taraba,Takum,232093,43401,24.5,25,PMC,1,1,0,1,1,1,1,1,1,0,1
Taraba,Ussa,156749,29312,24.5,0,PMC,1,1,0,1,1,1,1,1,1,0,1
Taraba,Wukari,410948,76847,24.5,41,SMC,1,1,1,0,1,1,1,1,1,0,1
Taraba,Yorro,154983,28982,24.5,53,SMC,1,1,1,0,1,1,1,1,1,0,1
Taraba,Zing,220208,41179,24.5,31,SMC,1,1,1,0,1,1,1,1,1,0,1
Yobe,Bade,270257,51079,62.6,69,SMC,1,1,1,0,1,1,1,1,1,0,1
Yobe,Bursari,212047,40077,62.6,0,SMC,1,1,1,0,1,1,1,1,1,0,1
Yobe,Damaturu,169546,32044,62.6,75,SMC,1,1,1,0,1,1,1,1,1,0,1
Yobe,Fika,264327,49958,62.6,0,SMC,1,1,1,0,1,1,1,1,1,0,1
Yobe,Fune,583712,110322,62.6,0,SMC,1,1,1,0,1,1,1,1,1,0,1
Yobe,Geidam,301064,56901,62.6,34,SMC,1,1,1,0,1,1,1,1,1,0,1
Yobe,Gujba,250913,47423,62.6,24,SMC,1,1,1,0,1,1,1,1,1,0,1
Yobe,Gulani,200109,37821,62.6,0,SMC,1,1,1,0,1,1,1,1,1,0,1
Yobe,Jakusko,449368,84931,62.6,0,SMC,1,1,1,0,1,1,1,1,1,0,1
Yobe,Karasuwa,203971,38550,62.6,8,SMC,1,1,1,0,1,1,1,1,1,0,1
Yobe,Machina,117909,22285,62.6,0,SMC,1,1,1,0,1,1,1,1,1,0,1
Yobe,Nangere,169181,31975,62.6,0,SMC,1,1,1,0,1,1,1,1,1,0,1
Yobe,Nguru,291319,55059,62.6,55,SMC,1,1,1,0,1,1,1,1,1,0,1
Yobe,Potiskum,396030,74850,62.6,88,SMC,1,1,1,0,1,1,1,1,1,0,1
Yobe,Tarmua,150139,28376,62.6,0,SMC,1,1,1,0,1,1,1,1,1,0,1
Yobe,Yunusari,243457,46013,62.6,0,SMC,1,1,1,0,1,1,1,1,1,0,1
Yobe,Yusufari,214071,40459,62.6,0,SMC,1,1,1,0,1,1,1,1,1,0,1
Jigawa,Auyo,228112,45851,54.3,22,SMC,1,1,1,0,1,1,1,0,1,0,1
Jigawa,Babura,367267,73821,54.3,0,SMC,1,1,1,0,1,1,1,0,1,0,1
Jigawa,Birnin Kudu,541718,108885,54.3,31,SMC,1,1,1,0,1,1,1,0,1,0,1
Jigawa,Biriniwa,244922,49229,54.3,0,SMC,1,1,1,0,1,1,1,0,1,0,1
Jigawa,Buji,167778,33723,54.3,2,SMC,1,1,1,0,1,1,1,0,1,0,1
Jigawa,Dutse,433113,87056,54.3,58,SMC,1,1,1,0,1,1,1,0,1,0,1
Jigawa,Gagarawa,141683,28478,54.3,0,SMC,1,1,1,0,1,1,1,0,1,0,1
Jigawa,Garki,259143,52088,54.3,7,SMC,1,1,1,0,1,1,1,0,1,0,1
Jigawa,Gumel,183450,36873,54.3,72,SMC,1,1,1,0,1,1,1,0,1,0,1
Jigawa,Guri,195508,39297,54.3,0,SMC,1,1,1,0,1,1,1,0,1,0,1
Jigawa,Gwaram,468007,94069,54.3,7,SMC,1,1,1,0,1,1,1,0,1,0,1
Jigawa,Gwiwa,222011,44624,54.3,0,SMC,1,1,1,0,1,1,1,0,1,0,1
Jigawa,Hadejia,179854,36151,54.3,99,SMC,1,1,1,0,1,1,1,0,1,0,1
Jigawa,Jahun,396460,79688,54.3,0,SMC,1,1,1,0,1,1,1,0,1,0,1
Jigawa,Kafin Hausa,460964,92654,54.3,17,SMC,1,1,1,0,1,1,1,0,1,0,1
Jigawa,Kaugama,222444,44711,54.3,0,SMC,1,1,1,0,1,1,1,0,1,0,1
Jigawa,Kazaure,277942,55866,54.3,52,SMC,1,1,1,0,1,1,1,0,1,0,1
Jigawa,Kiri Kasamma,332133,66759,54.3,0,SMC,1,1,1,0,1,1,1,0,1,0,1
Jigawa,Kiyawa,298277,59954,54.3,17,SMC,1,1,1,0,1,1,1,0,1,0,1
Jigawa,Maigatari,305356,61377,54.3,0,SMC,1,1,1,0,1,1,1,0,1,0,1
Jigawa,Malam Madori,284202,57125,54.3,9,SMC,1,1,1,0,1,1,1,0,1,0,1
Jigawa,Miga,220538,44328,54.3,0,SMC,1,1,1,0,1,1,1,0,1,0,1
Jigawa,Ringim,331829,66698,54.3,30,SMC,1,1,1,0,1,1,1,0,1,0,1
Jigawa,Roni,133510,26835,54.3,0,SMC,1,1,1,0,1,1,1,0,1,0,1
Jigawa,Sule Tankarkar,232501,46733,54.3,0,SMC,1,1,1,0,1,1,1,0,1,0,1
Jigawa,Taura,227410,45709,54.3,0,SMC,1,1,1,0,1,1,1,0,1,0,1
Jigawa,Yankwashi,164948,33155,54.3,0,SMC,1,1,1,0,1,1,1,0,1,0,1
Kaduna,Birnin Gwari,459314,88188,31.9,14,SMC,1,1,1,0,1,1,1,1,1,0,1
Kaduna,Chikun,661262,126962,31.9,70,SMC,1,1,1,0,1,1,1,1,1,1,1
Kaduna,Giwa,519358,99717,31.9,11,SMC,1,1,1,0,1,1,1,1,1,1,1
Kaduna,Igabi,765141,146907,31.9,52,SMC,1,1,1,0,1,1,1,1,1,1,1
Kaduna,Ikara,345884,66410,31.9,33,SMC,1,1,1,0,1,1,1,1,1,0,1
Kaduna,Jaba,277053,53194,31.9,0,SMC,1,1,1,0,1,1,1,1,1,0,1
Kaduna,Jema'a,494167,94880,31.9,33,SMC,1,1,1,0,1,1,1,1,1,0,1
Kaduna,Kachia,448633,86138,31.9,0,SMC,1,1,1,0,1,1,1,1,1,0,1
Kaduna,Kaduna North,647590,124337,31.9,100,SMC,1,1,1,0,1,1,1,1,1,1,1
Kaduna,Kaduna South,715366,137350,31.9,100,SMC,1,1,1,0,1,1,1,1,1,1,1
Kaduna,Kagarko,424636,81530,31.9,0,SMC,1,1,1,0,1,1,1,1,1,0,1
Kaduna,Kajuru,195054,37450,31.9,0,SMC,1,1,1,0,1,1,1,1,1,0,1
Kaduna,Kaura,310186,59556,31.9,54,SMC,1,1,1,0,1,1,1,1,1,0,1
Kaduna,Kauru,393050,75466,31.9,0,SMC,1,1,1,0,1,1,1,1,1,0,1
Kaduna,Kubau,498611,95733,31.9,0,SMC,1,1,1,0,1,1,1,1,1,0,1
Kaduna,Kudan,246826,47391,31.9,50,SMC,1,1,1,0,1,1,1,1,1,0,1
Kaduna,Lere,603476,115867,31.9,20,SMC,1,1,1,0,1,1,1,1,1,0,1
Kaduna,Markafi,260358,49989,31.9,48,SMC,1,1,1,0,1,1,1,1,1,0,1
Kaduna,Sabon Gari,517536,99367,31.9,93,SMC,1,1,1,0,1,1,1,1,1,1,1
Kaduna,Sanga,269081,51664,31.9,0,SMC,1,1,1,0,1,1,1,1,1,0,1
Kaduna,Soba,517207,99304,31.9,0,SMC,1,1,1,0,1,1,1,1,1,1,1
Kaduna,Zango Kataf,566620,108791,31.9,12,SMC,1,1,1,0,1,1,1,1,1,0,1
Kaduna,Zaria,722931,138803,31.9,93,SMC,1,1,1,0,1,1,1,1,1,1,1
Kano,Ajingi,323417,62420,54,55,SMC,1,1,1,0,1,1,1,1,1,0,1
Kano,Albasu,351577,67854,54,79,SMC,1,1,1,0,1,1,1,1,1,0,1
Kano,Bagwai,302663,58414,54,94,SMC,1,1,1,0,1,1,1,1,1,0,1
Kano,Bebeji,359591,69401,54,25,SMC,1,1,1,0,1,1,1,1,1,0,1
Kano,Bichi,521465,100643,54,86,SMC,1,1,1,0,1,1,1,1,1,0,1
Kano,Bunkure,326897,63091,54,86,SMC,1,1,1,0,1,1,1,1,1,0,1
Kano,Dala,784624,151432,54,100,SMC,1,1,1,0,1,1,1,1,1,1,1
Kano,Dambatta,394363,76112,54,40,SMC,1,1,1,0,1,1,1,1,1,0,1
Kano,Dawakin Kudu,422511,81545,54,82,SMC,1,1,1,0,1,1,1,1,1,0,1
Kano,Dawakin Tofa,461297,89030,54,94,SMC,1,1,1,0,1,1,1,1,1,0,1
Kano,Doguwa,282262,54477,54,0,SMC,1,1,1,0,1,1,1,1,1,0,1
Kano,Fagge,374916,72359,54,100,SMC,1,1,1,0,1,1,1,1,1,1,1
Kano,Gabasawa,395731,76376,54,44,SMC,1,1,1,0,1,1,1,1,1,0,1
Kano,Garko,303474,58570,54,29,SMC,1,1,1,0,1,1,1,1,1,0,1
Kano,Garum Mallam,222261,42896,54,44,SMC,1,1,1,0,1,1,1,1,1,0,1
Kano,Gaya,388639,75007,54,69,SMC,1,1,1,0,1,1,1,1,1,0,1
Kano,Gezawa,528995,102096,54,94,SMC,1,1,1,0,1,1,1,1,1,0,1
Kano,Gwale,670457,129398,54,100,SMC,1,1,1,0,1,1,1,1,1,1,1
Kano,Gwarzo,344054,66402,54,91,SMC,1,1,1,0,1,1,1,1,1,0,1
Kano,Kabo,286970,55385,54,85,SMC,1,1,1,0,1,1,1,1,1,0,1
Kano,Kano Municipal,695594,134250,54,100,SMC,1,1,1,0,1,1,1,1,1,1,1
Kano,Karaye,269896,52090,54,87,SMC,1,1,1,0,1,1,1,1,1,0,1
Kano,Kibiya,259727,50127,54,84,SMC,1,1,1,0,1,1,1,1,1,0,1
Kano,Kiru,500590,96614,54,64,SMC,1,1,1,0,1,1,1,1,1,0,1
Kano,Kumbotso,551597,106458,54,100,SMC,1,1,1,0,1,1,1,1,1,1,1
Kano,Kunchi,206424,39840,54,58,SMC,1,1,1,0,1,1,1,1,1,0,1
Kano,Kura,268114,51746,54,89,SMC,1,1,1,0,1,1,1,1,1,0,1
Kano,Madobi,257979,49790,54,92,SMC,1,1,1,0,1,1,1,1,1,0,1
Kano,Makoda,412388,79591,54,34,SMC,1,1,1,0,1,1,1,1,1,0,1
Kano,Minjibir,411483,79416,54,96,SMC,1,1,1,0,1,1,1,1,1,0,1
Kano,Nasarawa,1117489,215675,54,100,SMC,1,1,1,0,1,1,1,1,1,1,1
Kano,Rano,277823,53620,54,61,SMC,1,1,1,0,1,1,1,1,1,0,1
Kano,Rimin Gado,193685,37381,54,85,SMC,1,1,1,0,1,1,1,1,1,0,1
Kano,Rogo,426465,82308,54,63,SMC,1,1,1,0,1,1,1,1,1,0,1
Kano,Shanono,260683,50312,54,67,SMC,1,1,1,0,1,1,1,1,1,0,1
Kano,Sumaila,469132,90543,54,49,SMC,1,1,1,0,1,1,1,1,1,0,1
Kano,Takai,379682,73279,54,76,SMC,1,1,1,0,1,1,1,1,1,0,1
Kano,Tarauni,415667,80224,54,100,SMC,1,1,1,0,1,1,1,1,1,1,1
Kano,Tofa,184751,35657,54,96,SMC,1,1,1,0,1,1,1,1,1,0,1
Kano,Tsanyawa,295537,57039,54,50,SMC,1,1,1,0,1,1,1,1,1,0,1
Kano,Tudun Wada,428434,82688,54,67,SMC,1,1,1,0,1,1,1,1,1,0,1
Kano,Ungogo,685277,132259,54,100,SMC,1,1,1,0,1,1,1,1,1,0,1
Kano,Warawa,247061,47683,54,63,SMC,1,1,1,0,1,1,1,1,1,0,1
Kano,Wudil,353451,68216,54,91,SMC,1,1,1,0,1,1,1,1,1,0,1
Katsina,Bakori,264118,54937,49.5,59,SMC,1,1,1,0,1,1,1,1,1,0,1
Katsina,Batagarawa,333971,69466,49.5,64,SMC,1,1,1,0,1,1,1,1,1,0,1
Katsina,Batsari,367207,76379,49.5,0,SMC,1,1,1,0,1,1,1,1,1,0,1
Katsina,Baure,358493,74567,49.5,0,SMC,1,1,1,0,1,1,1,1,1,0,1
Katsina,Bindawa,266744,55483,49.5,66,SMC,1,1,1,0,1,1,1,1,1,0,1
Katsina,Charanchi,241990,50334,49.5,30,SMC,1,1,1,0,1,1,1,1,1,0,1
Katsina,Dandume,256712,53396,49.5,49,SMC,1,1,1,0,1,1,1,1,1,0,1
Katsina,Danja,221661,46105,49.5,70,SMC,1,1,1,0,1,1,1,1,1,0,1
Katsina,Dan Musa,199949,41589,49.5,0,SMC,1,1,1,0,1,1,1,1,1,0,1
Katsina,Daura,397255,82629,49.5,83,SMC,1,1,1,0,1,1,1,1,1,0,1
Katsina,Dutsi,213572,44423,49.5,38,SMC,1,1,1,0,1,1,1,1,1,0,1
Katsina,Dutsin Ma,300001,62400,49.5,41,SMC,1,1,1,0,1,1,1,1,1,0,1
Katsina,Faskari,343406,71428,49.5,6,SMC,1,1,1,0,1,1,1,1,1,0,1
Katsina,Funtua,397736,82729,49.5,78,SMC,1,1,1,0,1,1,1,1,1,0,1
Katsina,Ingawa,298798,62150,49.5,16,SMC,1,1,1,0,1,1,1,1,1,0,1
Katsina,Jibia,295772,61521,49.5,43,SMC,1,1,1,0,1,1,1,1,1,0,1
Katsina,Kafur,369832,76925,49.5,33,SMC,1,1,1,0,1,1,1,1,1,0,1
Katsina,Kaita,322217,67021,49.5,32,SMC,1,1,1,0,1,1,1,1,1,0,1
Katsina,Kankara,429715,89381,49.5,10,SMC,1,1,1,0,1,1,1,1,1,0,1
Katsina,Kankia,267438,55627,49.5,0,SMC,1,1,1,0,1,1,1,1,1,0,1
Katsina,Katsina,561977,116891,49.5,98,SMC,1,1,1,0,1,1,1,1,1,0,1
Katsina,Kurfi,206149,42879,49.5,0,SMC,1,1,1,0,1,1,1,1,1,0,1
Katsina,Kusada,173731,36136,49.5,9,SMC,1,1,1,0,1,1,1,1,1,0,1
Katsina,Mai'adua,356478,74147,49.5,14,SMC,1,1,1,0,1,1,1,1,1,0,1
Katsina,Malumfashi,323075,67200,49.5,45,SMC,1,1,1,0,1,1,1,1,1,0,1
Katsina,Mani,311434,64778,49.5,53,SMC,1,1,1,0,1,1,1,1,1,0,1
Katsina,Mashi,302193,62856,49.5,0,SMC,1,1,1,0,1,1,1,1,1,0,1
Katsina,Matazu,201051,41819,49.5,0,SMC,1,1,1,0,1,1,1,1,1,0,1
Katsina,Musawa,300314,62465,49.5,1,SMC,1,1,1,0,1,1,1,1,1,0,1
Katsina,Rimi,272202,56618,49.5,40,SMC,1,1,1,0,1,1,1,1,1,0,1
Katsina,Sabuwa,248508,51690,49.5,2,SMC,1,1,1,0,1,1,1,1,1,0,1
Katsina,Safana,327166,68051,49.5,0,SMC,1,1,1,0,1,1,1,1,1,0,1
Katsina,Sandamu,241910,50317,49.5,1,SMC,1,1,1,0,1,1,1,1,1,0,1
Katsina,Zango,275664,57338,49.5,0,SMC,1,1,1,0,1,1,1,1,1,0,1
Kebbi,Aleiro,121366,24516,75.7,8,SMC,1,1,1,0,1,1,1,1,1,0,1
Kebbi,Arewa Dandi,343279,69342,75.7,0,SMC,1,1,1,0,1,1,1,1,1,0,1
Kebbi,Argungu,362313,73187,75.7,44,SMC,1,1,1,0,1,1,1,1,1,0,1
Kebbi,Augie,210547,42530,75.7,9,SMC,1,1,1,0,1,1,1,1,1,0,1
Kebbi,Bagudo,430643,86990,75.7,0,SMC,1,1,1,0,1,1,1,1,1,0,1
Kebbi,Birnin Kebbi,486019,98176,75.7,58,SMC,1,1,1,0,1,1,1,1,1,0,1
Kebbi,Bunza,223536,45154,75.7,0,SMC,1,1,1,0,1,1,1,1,1,0,1
Kebbi,Dandi,264542,53438,75.7,27,SMC,1,1,1,0,1,1,1,1,1,0,1
Kebbi,Fakai,216706,43775,75.7,0,SMC,1,1,1,0,1,1,1,1,1,0,1
Kebbi,Gwandu,273347,55216,75.7,3,SMC,1,1,1,0,1,1,1,1,1,0,1
Kebbi,Jega,357806,72277,75.7,47,SMC,1,1,1,0,1,1,1,1,1,0,1
Kebbi,Kalgo,153662,31040,75.7,0,SMC,1,1,1,0,1,1,1,1,1,0,1
Kebbi,Koko/Besse,280115,56583,75.7,30,SMC,1,1,1,0,1,1,1,1,1,0,1
Kebbi,Maiyama,314385,63506,75.7,0,SMC,1,1,1,0,1,1,1,1,1,0,1
Kebbi,Ngaski,228159,46088,75.7,1,SMC,1,1,1,0,1,1,1,1,1,0,1
Kebbi,Sakaba,165965,33525,75.7,0,SMC,1,1,1,0,1,1,1,1,1,0,1
Kebbi,Shanga,230040,46468,75.7,0,SMC,1,1,1,0,1,1,1,1,1,0,1
Kebbi,Suru,268637,54265,75.7,0,SMC,1,1,1,0,1,1,1,1,1,0,1
Kebbi,Wasagu/Danko,479960,96952,75.7,0,SMC,1,1,1,0,1,1,1,1,1,0,1
Kebbi,Yauri,181952,36754,75.7,74,SMC,1,1,1,0,1,1,1,1,1,0,1
Kebbi,Zuru,299144,60427,75.7,54,SMC,1,1,1,0,1,1,1,1,1,0,1
Sokoto,Binji,183860,37140,40.2,0,SMC,1,1,1,0,1,1,1,1,1,0,1
Sokoto,Bodinga,307335,62082,40.2,67,SMC,1,1,1,0,1,1,1,1,1,0,1
Sokoto,Dange Shuni,341086,68899,40.2,73,SMC,1,1,1,0,1,1,1,1,1,0,1
Sokoto,Gada,439136,88705,40.2,0,SMC,1,1,1,0,1,1,1,1,1,0,1
Sokoto,Goronyo,321117,64866,40.2,0,SMC,1,1,1,0,1,1,1,1,1,0,1
Sokoto,Gudu,168213,33979,40.2,0,SMC,1,1,1,0,1,1,1,1,1,0,1
Sokoto,Gwadabawa,408311,82479,40.2,11,SMC,1,1,1,0,1,1,1,1,1,0,1
Sokoto,Illela,264720,53473,40.2,18,SMC,1,1,1,0,1,1,1,1,1,0,1
Sokoto,Isa,264958,53521,40.2,0,SMC,1,1,1,0,1,1,1,1,1,0,1
Sokoto,Kebbe,217149,43864,40.2,0,SMC,1,1,1,0,1,1,1,1,1,0,1
Sokoto,Kware,236422,47757,40.2,65,SMC,1,1,1,0,1,1,1,1,1,0,1
Sokoto,Rabah,262990,53124,40.2,8,SMC,1,1,1,0,1,1,1,1,1,0,1
Sokoto,Sabon Birni,365818,73895,40.2,0,SMC,1,1,1,0,1,1,1,1,1,0,1
Sokoto,Shagari,276664,55886,40.2,33,SMC,1,1,1,0,1,1,1,1,1,0,1
Sokoto,Silame,184436,37256,40.2,0,SMC,1,1,1,0,1,1,1,1,1,0,1
Sokoto,Sokoto North,410855,82993,40.2,100,SMC,1,1,1,0,1,1,1,1,1,1,1
Sokoto,Sokoto South,348567,70411,40.2,100,SMC,1,1,1,0,1,1,1,1,1,1,1
Sokoto,Tambuwal,398345,80466,40.2,22,SMC,1,1,1,0,1,1,1,1,1,0,1
Sokoto,Tangaza,202367,40878,40.2,0,SMC,1,1,1,0,1,1,1,1,1,0,1
Sokoto,Tureta,120630,24367,40.2,0,SMC,1,1,1,0,1,1,1,1,1,0,1
Sokoto,Wamako,316053,63843,40.2,90,SMC,1,1,1,0,1,1,1,1,1,0,1
Sokoto,Wurno,286355,57844,40.2,50,SMC,1,1,1,0,1,1,1,1,1,0,1
Sokoto,Yabo,203305,41068,40.2,20,SMC,1,1,1,0,1,1,1,1,1,0,1
Zamfara,Anka,261325,52788,59.6,0,SMC,1,1,1,0,1,1,1,0,1,0,1
Zamfara,Bakura,340473,68776,59.6,0,SMC,1,1,1,0,1,1,1,0,1,0,1
Zamfara,Birnin Magaji,334910,67652,59.6,0,SMC,1,1,1,0,1,1,1,0,1,0,1
Zamfara,Bukkuyum,393611,79509,59.6,0,SMC,1,1,1,0,1,1,1,0,1,0,1
Zamfara,Bungudu,470562,95053,59.6,12,SMC,1,1,1,0,1,1,1,0,1,0,1
Zamfara,Gummi,376096,75971,59.6,22,SMC,1,1,1,0,1,1,1,0,1,0,1
Zamfara,Gusau,698103,141017,59.6,69,SMC,1,1,1,0,1,1,1,0,1,0,1
Zamfara,Kaura Namoda,519173,104873,59.6,29,SMC,1,1,1,0,1,1,1,0,1,0,1
Zamfara,Maradun,377628,76281,59.6,0,SMC,1,1,1,0,1,1,1,0,1,0,1
Zamfara,Maru,533324,107731,59.6,0,SMC,1,1,1,0,1,1,1,0,1,0,1
Zamfara,Shinkafi,247365,49968,59.6,31,SMC,1,1,1,0,1,1,1,0,1,0,1
Zamfara,Talata Mafara,392341,79253,59.6,29,SMC,1,1,1,0,1,1,1,0,1,0,1
Zamfara,Tsafe,485635,98098,59.6,0,SMC,1,1,1,0,1,1,1,0,1,0,1
Zamfara,Zurmi,534845,108039,59.6,0,SMC,1,1,1,0,1,1,1,0,1,0,1
Abia,Aba North,179561,20470,26.4,100,PMC,1,1,0,1,1,1,1,0,1,1,1
Abia,Aba South,718318,81888,26.4,100,PMC,1,1,0,1,1,1,1,0,1,1,1
Abia,Arochukwu,284589,32443,26.4,54,PMC,1,1,0,1,1,1,1,0,1,0,1
Abia,Bende,323716,36904,26.4,3,PMC,1,1,0,1,1,1,1,0,1,0,1
Abia,Ikwuano,231748,26419,26.4,61,PMC,1,1,0,1,1,1,1,0,1,0,1
Abia,Isiala Ngwa North,258950,29520,26.4,97,PMC,1,1,0,1,1,1,1,0,1,0,1
Abia,Isiala Ngwa South,229652,26180,26.4,95,PMC,1,1,0,1,1,1,1,0,1,0,1
Abia,Isuikwato,194602,22185,26.4,50,PMC,1,1,0,1,1,1,1,0,1,0,1
Abia,Obi Nwa,305689,34848,26.4,93,PMC,1,1,0,1,1,1,1,0,1,0,1
Abia,Ohafia,413402,47128,26.4,34,PMC,1,1,0,1,1,1,1,0,1,0,1
Abia,Osisioma Ngwa,370841,42276,26.4,99,PMC,1,1,0,1,1,1,1,0,1,0,1
Abia,Ugwunagbo,143473,16356,26.4,79,PMC,1,1,0,1,1,1,1,0,1,0,1
Abia,Ukwa East,97708,11139,26.4,0,PMC,1,1,0,1,1,1,1,0,1,0,1
Abia,Ukwa West,146828,16738,26.4,5,PMC,1,1,0,1,1,1,1,0,1,0,1
Abia,Umuahia North,374996,42750,26.4,93,PMC,1,1,0,1,1,1,1,0,1,0,1
Abia,Umuahia South,233699,26642,26.4,98,PMC,1,1,0,1,1,1,1,0,1,0,1
Abia,Umu Nneochi,274136,31251,26.4,72,PMC,1,1,0,1,1,1,1,0,1,0,1
Anambra,Aguata,625227,70651,20.2,100,NA,1,1,0,1,1,1,1,1,1,0,1
Anambra,Anambra East,257121,29055,20.2,56,NA,1,1,0,1,1,1,1,1,1,0,1
Anambra,Anambra West,282731,31949,20.2,0,NA,1,1,0,1,1,1,1,1,1,0,1
Anambra,Anaocha,480304,54274,20.2,100,NA,1,1,0,1,1,1,1,1,1,0,1
Anambra,Awka North,189597,21424,20.2,48,NA,1,1,0,1,1,1,1,1,1,0,1
Anambra,Awka South,320502,36217,20.2,98,NA,1,1,0,1,1,1,1,1,1,0,1
Anambra,Ayamelum,267266,30201,20.2,0,NA,1,1,0,1,1,1,1,1,1,0,1
Anambra,Dunukofia,163107,18431,20.2,80,NA,1,1,0,1,1,1,1,1,1,0,1
Anambra,Ekwusigo,267734,30254,20.2,99,NA,1,1,0,1,1,1,1,1,1,0,1
Anambra,Idemili North,728369,82306,20.2,100,NA,1,1,0,1,1,1,1,1,1,1,1
Anambra,Idemili South,349505,39494,20.2,100,NA,1,1,0,1,1,1,1,1,1,1,1
Anambra,Ihiala,510828,57724,20.2,99,NA,1,1,0,1,1,1,1,1,1,0,1
Anambra,Njikoka,250776,28338,20.2,99,NA,1,1,0,1,1,1,1,1,1,0,1
Anambra,Nnewi North,262688,29684,20.2,100,NA,1,1,0,1,1,1,1,1,1,0,1
Anambra,Nnewi South,394366,44563,20.2,99,NA,1,1,0,1,1,1,1,1,1,0,1
Anambra,Ogbaru,377390,42645,20.2,74,NA,1,1,0,1,1,1,1,1,1,0,1
Anambra,Onitsha North,212793,24046,20.2,100,NA,1,1,0,1,1,1,1,1,1,1,1
Anambra,Onitsha South,231843,26198,20.2,100,NA,1,1,0,1,1,1,1,1,1,1,1
Anambra,Orumba North,291975,32993,20.2,88,NA,1,1,0,1,1,1,1,1,1,0,1
Anambra,Orumba South,311874,35242,20.2,82,NA,1,1,0,1,1,1,1,1,1,0,1
Anambra,Oyi,284248,32120,20.2,97,NA,1,1,0,1,1,1,1,1,1,0,1
Ebonyi,Abakaliki,253891,37830,30.2,84,PMC,1,1,0,1,1,1,1,0,1,0,1
Ebonyi,Afikpo North,265706,39590,30.2,48,PMC,1,1,0,1,1,1,1,0,1,0,1
Ebonyi,Afikpo South,267221,39816,30.2,75,PMC,1,1,0,1,1,1,1,0,1,0,1
Ebonyi,Ebonyi,215799,32154,30.2,89,PMC,1,1,0,1,1,1,1,0,1,0,1
Ebonyi,Ezza North,247896,36937,30.2,80,PMC,1,1,0,1,1,1,1,0,1,0,1
Ebonyi,Ezza South,226653,33771,30.2,91,PMC,1,1,0,1,1,1,1,0,1,0,1
Ebonyi,Ikwo,364628,54330,30.2,67,PMC,1,1,0,1,1,1,1,0,1,0,1
Ebonyi,Ishielu,258806,38562,30.2,54,PMC,1,1,0,1,1,1,1,0,1,0,1
Ebonyi,Ivo,205855,30672,30.2,55,PMC,1,1,0,1,1,1,1,0,1,0,1
Ebonyi,Izzi,401452,59816,30.2,74,PMC,1,1,0,1,1,1,1,0,1,0,1
Ebonyi,Ohaozara,251574,37484,30.2,91,PMC,1,1,0,1,1,1,1,0,1,0,1
Ebonyi,Ohaukwu,331698,49423,30.2,89,PMC,1,1,0,1,1,1,1,0,1,0,1
Ebonyi,Onicha,401334,59799,30.2,85,PMC,1,1,0,1,1,1,1,0,1,0,1
Enugu,Aninri,238864,28186,30.1,66,PMC,1,1,0,1,1,1,1,1,1,0,1
Enugu,Awgu,345953,40822,30.1,80,PMC,1,1,0,1,1,1,1,1,1,0,1
Enugu,Enugu East,485930,57340,30.1,92,PMC,1,1,0,1,1,1,1,1,1,1,1
Enugu,Enugu North,424594,50102,30.1,100,PMC,1,1,0,1,1,1,1,1,1,1,1
Enugu,Enugu South,347250,40976,30.1,99,PMC,1,1,0,1,1,1,1,1,1,1,1
Enugu,Ezeagu,299153,35300,30.1,52,PMC,1,1,0,1,1,1,1,1,1,0,1
Enugu,Igbo Etiti,365313,43107,30.1,94,PMC,1,1,0,1,1,1,1,1,1,0,1
Enugu,Igbo Eze North,453858,53555,30.1,97,PMC,1,1,0,1,1,1,1,1,1,0,1
Enugu,Igbo Eze South,258404,30492,30.1,96,PMC,1,1,0,1,1,1,1,1,1,0,1
Enugu,Isi Uzo,260566,30747,30.1,24,PMC,1,1,0,1,1,1,1,1,1,0,1
Enugu,Nkanu East,269323,31780,30.1,7,PMC,1,1,0,1,1,1,1,1,1,0,1
Enugu,Nkanu West,258440,30496,30.1,93,PMC,1,1,0,1,1,1,1,1,1,0,1
Enugu,Nsukka,542619,64029,30.1,88,PMC,1,1,0,1,1,1,1,1,1,1,1
Enugu,Oji River,225748,26638,30.1,72,PMC,1,1,0,1,1,1,1,1,1,0,1
Enugu,Udenu,313329,36973,30.1,95,PMC,1,1,0,1,1,1,1,1,1,0,1
Enugu,Udi,417869,49309,30.1,82,PMC,1,1,0,1,1,1,1,1,1,0,1
Enugu,Uzo Uwani,222958,26309,30.1,0,PMC,1,1,0,1,1,1,1,1,1,0,1
Imo,Aboh Mbaise,353718,41739,26.5,99,PMC,1,1,0,1,1,1,1,0,1,0,1
Imo,Ahiazu Mbaise,310216,36605,26.5,100,PMC,1,1,0,1,1,1,1,0,1,0,1
Imo,Ehime Mbano,237124,27981,26.5,96,PMC,1,1,0,1,1,1,1,0,1,0,1
Imo,Ezinihitte,306480,36165,26.5,100,PMC,1,1,0,1,1,1,1,0,1,0,1
Imo,Ideato North,283588,33463,26.5,98,PMC,1,1,0,1,1,1,1,0,1,0,1
Imo,Ideato South,289931,34212,26.5,97,PMC,1,1,0,1,1,1,1,0,1,0,1
Imo,Ihitte/Uboma,216864,25590,26.5,97,PMC,1,1,0,1,1,1,1,0,1,0,1
Imo,Ikeduru,271922,32087,26.5,99,PMC,1,1,0,1,1,1,1,0,1,0,1
Imo,Isiala Mbano,359424,42412,26.5,99,PMC,1,1,0,1,1,1,1,0,1,0,1
Imo,Isu,298419,35213,26.5,100,PMC,1,1,0,1,1,1,1,0,1,0,1
Imo,Mbaitoli,431252,50888,26.5,99,PMC,1,1,0,1,1,1,1,0,1,0,1
Imo,Ngor Okpala,286669,33827,26.5,68,PMC,1,1,0,1,1,1,1,0,1,0,1
Imo,Njaba,260568,30747,26.5,99,PMC,1,1,0,1,1,1,1,0,1,0,1
Imo,Nkwerre,145770,17201,26.5,99,PMC,1,1,0,1,1,1,1,0,1,0,1
Imo,Nwangele,231886,27363,26.5,100,PMC,1,1,0,1,1,1,1,0,1,0,1
Imo,Obowo,213256,25164,26.5,99,PMC,1,1,0,1,1,1,1,0,1,0,1
Imo,Oguta,258489,30502,26.5,34,PMC,1,1,0,1,1,1,1,0,1,0,1
Imo,Ohaji/Egbema,332129,39191,26.5,9,PMC,1,1,0,1,1,1,1,0,1,0,1
Imo,Okigwe,240984,28436,26.5,62,PMC,1,1,0,1,1,1,1,0,1,0,1
Imo,Orlu,259310,30599,26.5,100,PMC,1,1,0,1,1,1,1,0,1,0,1
Imo,Orsu,218326,25762,26.5,100,PMC,1,1,0,1,1,1,1,0,1,0,1
Imo,Oru East,202925,23945,26.5,100,PMC,1,1,0,1,1,1,1,0,1,0,1
Imo,Oru West,210118,24794,26.5,100,PMC,1,1,0,1,1,1,1,0,1,0,1
Imo,Owerri Municipal,227611,26858,26.5,100,PMC,1,1,0,1,1,1,1,0,1,1,1
Imo,Owerri North,320222,37786,26.5,95,PMC,1,1,0,1,1,1,1,0,1,1,1
Imo,Owerri West,184785,21805,26.5,91,PMC,1,1,0,1,1,1,1,0,1,1,1
Imo,Unuimo,180452,21293,26.5,91,PMC,1,1,0,1,1,1,1,0,1,0,1
Akwa Ibom,Abak,260572,31790,33.5,96,PMC,1,1,0,1,1,1,1,1,1,0,1
Akwa Ibom,Eastern Obolo,112365,13709,33.5,0,PMC,1,1,0,1,1,1,1,1,1,0,1
Akwa Ibom,Eket,323878,39513,33.5,98,PMC,1,1,0,1,1,1,1,1,1,0,1
Akwa Ibom,Esit Eket,118713,14483,33.5,65,PMC,1,1,0,1,1,1,1,1,1,0,1
Akwa Ibom,Essien Udim,362104,44177,33.5,95,PMC,1,1,0,1,1,1,1,1,1,0,1
Akwa Ibom,Etim Ekpo,198465,24213,33.5,87,PMC,1,1,0,1,1,1,1,1,1,0,1
Akwa Ibom,Etinan,316511,38614,33.5,89,PMC,1,1,0,1,1,1,1,1,1,0,1
Akwa Ibom,Ibeno,140227,17108,33.5,79,PMC,1,1,0,1,1,1,1,1,1,0,1
Akwa Ibom,Ibesikpo Asutan,256933,31346,33.5,91,PMC,1,1,0,1,1,1,1,1,1,0,1
Akwa Ibom,Ibiono Ibom,353387,43113,33.5,70,PMC,1,1,0,1,1,1,1,1,1,0,1
Akwa Ibom,Ika,136352,16635,33.5,74,PMC,1,1,0,1,1,1,1,1,1,0,1
Akwa Ibom,Ikono,246714,30099,33.5,88,PMC,1,1,0,1,1,1,1,1,1,0,1
Akwa Ibom,Ikot Abasi,248466,30313,33.5,0,PMC,1,1,0,1,1,1,1,1,1,0,1
Akwa Ibom,Ikot Ekpene,264955,32324,33.5,99,PMC,1,1,0,1,1,1,1,1,1,0,1
Akwa Ibom,Ini,185653,22650,33.5,54,PMC,1,1,0,1,1,1,1,1,1,0,1
Akwa Ibom,Itu,239562,29227,33.5,67,PMC,1,1,0,1,1,1,1,1,1,0,1
Akwa Ibom,Mbo,191440,23356,33.5,0,PMC,1,1,0,1,1,1,1,1,1,0,1
Akwa Ibom,Mkpat Enin,332192,40527,33.5,58,PMC,1,1,0,1,1,1,1,1,1,0,1
Akwa Ibom,Nsit Atai,137519,16777,33.5,85,PMC,1,1,0,1,1,1,1,1,1,0,1
Akwa Ibom,Nsit Ibom,202536,24709,33.5,85,PMC,1,1,0,1,1,1,1,1,1,0,1
Akwa Ibom,Nsit Ubium,238114,29050,33.5,86,PMC,1,1,0,1,1,1,1,1,1,0,1
Akwa Ibom,Obot Akara,275968,33668,33.5,35,PMC,1,1,0,1,1,1,1,1,1,0,1
Akwa Ibom,Okobo,192527,23488,33.5,9,PMC,1,1,0,1,1,1,1,1,1,0,1
Akwa Ibom,Onna,230825,28161,33.5,81,PMC,1,1,0,1,1,1,1,1,1,0,1
Akwa Ibom,Oron,163403,19935,33.5,98,PMC,1,1,0,1,1,1,1,1,1,0,1
Akwa Ibom,Oruk Anam,321973,39281,33.5,43,PMC,1,1,0,1,1,1,1,1,1,0,1
Akwa Ibom,Udung Uko,99418,12129,33.5,85,PMC,1,1,0,1,1,1,1,1,1,0,1
Akwa Ibom,Ukanafun,235097,28682,33.5,73,PMC,1,1,0,1,1,1,1,1,1,0,1
Akwa Ibom,Uruan,219538,26784,33.5,71,PMC,1,1,0,1,1,1,1,1,1,0,1
Akwa Ibom,Urue Offong/Oruko,132545,16170,33.5,15,PMC,1,1,0,1,1,1,1,1,1,0,1
Akwa Ibom,Uyo,573276,69940,33.5,99,PMC,1,1,0,1,1,1,1,1,1,0,1
Bayelsa,Brass,320494,40062,26.9,0,PMC,1,1,0,1,1,1,1,1,1,0,1
Bayelsa,Ekeremor,469248,58656,26.9,0,PMC,1,1,0,1,1,1,1,1,1,0,1
Bayelsa,Kolokuma/Opokuma,137971,17246,26.9,0,PMC,1,1,0,1,1,1,1,1,1,0,1
Bayelsa,Nembe,227961,28495,26.9,0,PMC,1,1,0,1,1,1,1,1,1,0,1
Bayelsa,Ogbia,312624,39078,26.9,13,PMC,1,1,0,1,1,1,1,1,1,0,1
Bayelsa,Sagbama,325267,40658,26.9,0,PMC,1,1,0,1,1,1,1,1,1,0,1
Bayelsa,Southern Ijaw,560143,70018,26.9,0,PMC,1,1,0,1,1,1,1,1,1,0,1
Bayelsa,Yenegoa,613192,76649,26.9,87,PMC,1,1,0,1,1,1,1,1,1,0,1
Cross River,Abi,247975,31989,40.6,42,PMC,1,1,0,1,1,1,1,0,1,0,1
Cross River,Akamkpa,257233,33183,40.6,0,PMC,1,1,0,1,1,1,1,0,1,0,1
Cross River,Akpabuyo,467818,60349,40.6,0,PMC,1,1,0,1,1,1,1,0,1,0,1
Cross River,Bakassi,54368,7013,40.6,0,PMC,1,1,0,1,1,1,1,0,1,0,1
Cross River,Bekwara,181272,23384,40.6,63,PMC,1,1,0,1,1,1,1,0,1,0,1
Cross River,Biase,288863,37263,40.6,0,PMC,1,1,0,1,1,1,1,0,1,0,1
Cross River,Boki,320647,41363,40.6,0,PMC,1,1,0,1,1,1,1,0,1,0,1
Cross River,Calabar Municipal,329074,42450,40.6,99,PMC,1,1,0,1,1,1,1,0,1,0,1
Cross River,Calabar South,315613,40714,40.6,99,PMC,1,1,0,1,1,1,1,0,1,0,1
Cross River,Etung,137523,17740,40.6,0,PMC,1,1,0,1,1,1,1,0,1,0,1
Cross River,Ikom,281265,36283,40.6,45,PMC,1,1,0,1,1,1,1,0,1,0,1
Cross River,Obanliku,188379,24301,40.6,16,PMC,1,1,0,1,1,1,1,0,1,0,1
Cross River,Obubra,296475,38245,40.6,8,PMC,1,1,0,1,1,1,1,0,1,0,1
Cross River,Obudu,277426,35788,40.6,60,PMC,1,1,0,1,1,1,1,0,1,0,1
Cross River,Odukpani,331426,42754,40.6,11,PMC,1,1,0,1,1,1,1,0,1,0,1
Cross River,Ogoja,294810,38030,40.6,36,PMC,1,1,0,1,1,1,1,0,1,0,1
Cross River,Yakurr,337246,43505,40.6,0,PMC,1,1,0,1,1,1,1,0,1,0,1
Cross River,Yala,363511,46893,40.6,0,PMC,1,1,0,1,1,1,1,0,1,0,1
Delta,Aniocha North,190023,24133,18.9,0,PMC,1,1,0,1,1,1,1,1,1,0,1
Delta,Aniocha South,259382,32941,18.9,48,PMC,1,1,0,1,1,1,1,1,1,0,1
Delta,Bomadi,157070,19948,18.9,0,PMC,1,1,0,1,1,1,1,1,1,0,1
Delta,Burutu,379777,48232,18.9,0,PMC,1,1,0,1,1,1,1,1,1,0,1
Delta,Ethiope East,366931,46600,18.9,0,PMC,1,1,0,1,1,1,1,1,1,0,1
Delta,Ethiope West,370163,47011,18.9,49,PMC,1,1,0,1,1,1,1,1,1,0,1
Delta,Ika North East,333837,42397,18.9,70,PMC,1,1,0,1,1,1,1,1,1,0,1
Delta,Ika South,305060,38743,18.9,55,PMC,1,1,0,1,1,1,1,1,1,0,1
Delta,Isoko North,262146,33293,18.9,0,PMC,1,1,0,1,1,1,1,1,1,0,1
Delta,Isoko South,429391,54533,18.9,0,PMC,1,1,0,1,1,1,1,1,1,0,1
Delta,Ndokwa East,188492,23939,18.9,13,PMC,1,1,0,1,1,1,1,1,1,0,1
Delta,Ndokwa West,273952,34792,18.9,34,PMC,1,1,0,1,1,1,1,1,1,0,1
Delta,Okpe,234461,29777,18.9,51,PMC,1,1,0,1,1,1,1,1,1,0,1
Delta,Oshimili North,216460,27490,18.9,81,PMC,1,1,0,1,1,1,1,1,1,0,1
Delta,Oshimili South,273966,34794,18.9,98,PMC,1,1,0,1,1,1,1,1,1,0,1
Delta,Patani,123059,15629,18.9,0,PMC,1,1,0,1,1,1,1,1,1,0,1
Delta,Sapele,318232,40415,18.9,90,PMC,1,1,0,1,1,1,1,1,1,0,1
Delta,Udu,260176,33042,18.9,88,PMC,1,1,0,1,1,1,1,1,1,0,1
Delta,Ughelli North,585591,74370,18.9,70,PMC,1,1,0,1,1,1,1,1,1,0,1
Delta,Ughelli South,388288,49313,18.9,21,PMC,1,1,0,1,1,1,1,1,1,0,1
Delta,Ukwuani,217362,27605,18.9,78,PMC,1,1,0,1,1,1,1,1,1,0,1
Delta,Uvwie,344627,43768,18.9,98,PMC,1,1,0,1,1,1,1,1,1,0,1
Delta,Warri North,248615,31574,18.9,0,PMC,1,1,0,1,1,1,1,1,1,1,1
Delta,Warri South,569674,72349,18.9,96,PMC,1,1,0,1,1,1,1,1,1,1,1
Delta,Warri South West,212804,27026,18.9,0,PMC,1,1,0,1,1,1,1,1,1,1,1
Edo,Akoko Edo,440399,55931,30.1,0,PMC,1,1,0,1,1,1,1,1,1,0,1
Edo,Egor,572940,72763,30.1,100,PMC,1,1,0,1,1,1,1,1,1,1,1
Edo,Esan Central,177196,22504,30.1,51,PMC,1,1,0,1,1,1,1,1,1,0,1
Edo,Esan North East,205392,26085,30.1,93,PMC,1,1,0,1,1,1,1,1,1,0,1
Edo,Esan South East,280014,35562,30.1,1,PMC,1,1,0,1,1,1,1,1,1,0,1
Edo,Esan West,215038,27310,30.1,83,PMC,1,1,0,1,1,1,1,1,1,0,1
Edo,Etsako Central,158651,20149,30.1,0,PMC,1,1,0,1,1,1,1,1,1,0,1
Edo,Etsako East,248067,31505,30.1,0,PMC,1,1,0,1,1,1,1,1,1,0,1
Edo,Etsako West,335013,42547,30.1,72,PMC,1,1,0,1,1,1,1,1,1,0,1
Edo,Igueben,118323,15027,30.1,0,PMC,1,1,0,1,1,1,1,1,1,0,1
Edo,Ikpoba Okha,626470,79562,30.1,95,PMC,1,1,0,1,1,1,1,1,1,1,1
Edo,Oredo,630569,80082,30.1,98,PMC,1,1,0,1,1,1,1,1,1,1,1
Edo,Orhionmwon,309790,39343,30.1,2,PMC,1,1,0,1,1,1,1,1,1,0,1
Edo,Ovia North East,261552,33217,30.1,69,PMC,1,1,0,1,1,1,1,1,1,0,1
Edo,Ovia South West,232471,29524,30.1,0,PMC,1,1,0,1,1,1,1,1,1,0,1
Edo,Owan East,260350,33064,30.1,0,PMC,1,1,0,1,1,1,1,1,1,0,1
Edo,Owan West,166780,21181,30.1,0,PMC,1,1,0,1,1,1,1,1,1,0,1
Edo,Uhunmwonde,204988,26034,30.1,67,PMC,1,1,0,1,1,1,1,1,1,1,1
Rivers,Abua/Odual,534033,63550,33.8,0,PMC,1,1,0,1,1,1,1,0,1,0,1
Rivers,Ahoada East,314516,37427,33.8,47,PMC,1,1,0,1,1,1,1,0,1,0,1
Rivers,Ahoada West,471294,56084,33.8,0,PMC,1,1,0,1,1,1,1,0,1,0,1
Rivers,Akuku Toru,304643,36253,33.8,0,PMC,1,1,0,1,1,1,1,0,1,0,1
Rivers,Andoni,412091,49039,33.8,0,PMC,1,1,0,1,1,1,1,0,1,0,1
Rivers,Asari Toru,415614,49458,33.8,0,PMC,1,1,0,1,1,1,1,0,1,0,1
Rivers,Bonny,406530,48377,33.8,82,PMC,1,1,0,1,1,1,1,0,1,0,1
Rivers,Degema,471739,56137,33.8,1,PMC,1,1,0,1,1,1,1,0,1,0,1
Rivers,Eleme,359654,42799,33.8,98,PMC,1,1,0,1,1,1,1,0,1,0,1
Rivers,Emohua,380196,45243,33.8,15,PMC,1,1,0,1,1,1,1,0,1,0,1
Rivers,Etche,472631,56243,33.8,55,PMC,1,1,0,1,1,1,1,0,1,0,1
Rivers,Gokana,442137,52614,33.8,94,PMC,1,1,0,1,1,1,1,0,1,0,1
Rivers,Ikwerre,357264,42514,33.8,73,PMC,1,1,0,1,1,1,1,0,1,0,1
Rivers,Khana,553915,65916,33.8,32,PMC,1,1,0,1,1,1,1,0,1,0,1
Rivers,Obia/Akpor,874297,104041,33.8,100,PMC,1,1,0,1,1,1,1,0,1,0,1
Rivers,Ogba/Egbema/Ndoni,535705,63749,33.8,59,PMC,1,1,0,1,1,1,1,0,1,0,1
Rivers,Ogu/Bolo,142357,16941,33.8,75,PMC,1,1,0,1,1,1,1,0,1,0,1
Rivers,Okrika,420338,50020,33.8,95,PMC,1,1,0,1,1,1,1,0,1,0,1
Rivers,Omumma,189832,22590,33.8,83,PMC,1,1,0,1,1,1,1,0,1,0,1
Rivers,Opobo/Nkoro,289005,34392,33.8,0,PMC,1,1,0,1,1,1,1,0,1,0,1
Rivers,Oyigbo,236999,28203,33.8,92,PMC,1,1,0,1,1,1,1,0,1,0,1
Rivers,Port Harcourt,1018405,121190,33.8,100,PMC,1,1,0,1,1,1,1,0,1,0,1
Rivers,Tai,227501,27073,33.8,57,PMC,1,1,0,1,1,1,1,0,1,0,1
Ekiti,Ado Ekiti,561327,64553,36.5,97,PMC,1,1,0,1,1,1,1,0,1,0,1
Ekiti,Aiyekire (Gboyin),264834,30456,36.5,0,PMC,1,1,0,1,1,1,1,0,1,0,1
Ekiti,Efon Alayee,156015,17942,36.5,0,PMC,1,1,0,1,1,1,1,0,1,0,1
Ekiti,Ekiti East,247550,28468,36.5,0,PMC,1,1,0,1,1,1,1,0,1,0,1
Ekiti,Ekiti South West,295412,33972,36.5,0,PMC,1,1,0,1,1,1,1,0,1,0,1
Ekiti,Ekiti West,321382,36959,36.5,0,PMC,1,1,0,1,1,1,1,0,1,0,1
Ekiti,Emure,168679,19398,36.5,0,PMC,1,1,0,1,1,1,1,0,1,0,1
Ekiti,Idosi Osi,286311,32926,36.5,0,PMC,1,1,0,1,1,1,1,0,1,0,1
Ekiti,Ijero,397026,45658,36.5,0,PMC,1,1,0,1,1,1,1,0,1,0,1
Ekiti,Ikere,265834,30571,36.5,95,PMC,1,1,0,1,1,1,1,0,1,0,1
Ekiti,Ikole,304944,35069,36.5,0,PMC,1,1,0,1,1,1,1,0,1,0,1
Ekiti,Ilejemeje,77767,8943,36.5,0,PMC,1,1,0,1,1,1,1,0,1,0,1
Ekiti,Irepodun/Ifelodun,235006,27026,36.5,15,PMC,1,1,0,1,1,1,1,0,1,0,1
Ekiti,Ise/Orun,203907,23449,36.5,0,PMC,1,1,0,1,1,1,1,0,1,0,1
Ekiti,Moba,260198,29923,36.5,0,PMC,1,1,0,1,1,1,1,0,1,0,1
Ekiti,Oye,246576,28356,36.5,0,PMC,1,1,0,1,1,1,1,0,1,0,1
Lagos,Agege,846276,106631,3.2,100,PMC,1,1,0,1,1,1,1,0,1,1,1
Lagos,Ajeromi Ifelodun,1259704,158723,3.2,100,NA,1,1,0,0,1,1,1,0,1,1,1
Lagos,Alimosho,2418492,304730,3.2,100,PMC,1,1,0,1,1,1,1,0,1,1,1
Lagos,Amuwo Odofin,602941,75971,3.2,98,PMC,1,1,0,1,1,1,1,0,1,1,1
Lagos,Apapa,408686,51494,3.2,100,NA,1,1,0,0,1,1,1,0,1,1,1
Lagos,Badagry,435710,54899,3.2,86,PMC,1,1,0,1,1,1,1,0,1,0,1
Lagos,Epe,333080,41968,3.2,66,PMC,1,1,0,1,1,1,1,0,1,0,1
Lagos,Eti Osa,520128,65536,3.2,100,PMC,1,1,0,1,1,1,1,0,1,1,1
Lagos,Ibeju/Lekki,215889,27202,3.2,81,PMC,1,1,0,1,1,1,1,0,1,0,1
Lagos,Ifako Ijaye,783951,98778,3.2,100,PMC,1,1,0,1,1,1,1,0,1,1,1
Lagos,Ikeja,582119,73347,3.2,100,PMC,1,1,0,1,1,1,1,0,1,1,1
Lagos,Ikorodu,967559,121912,3.2,97,PMC,1,1,0,1,1,1,1,0,1,0,1
Lagos,Kosofe,1251375,157673,3.2,100,PMC,1,1,0,1,1,1,1,0,1,1,1
Lagos,Lagos Island,389834,49119,3.2,99,PMC,1,1,0,1,1,1,1,0,1,1,1
Lagos,Lagos Mainland,598771,75445,3.2,100,PMC,1,1,0,1,1,1,1,0,1,1,1
Lagos,Mushin,1158059,145915,3.2,100,NA,1,1,0,0,1,1,1,0,1,1,1
Lagos,Ojo,1116484,140677,3.2,99,PMC,1,1,0,1,1,1,1,0,1,1,1
Lagos,Oshodi Isolo,1152935,145270,3.2,100,NA,1,1,0,0,1,1,1,0,1,1,1
Lagos,Shomolu,739656,93197,3.2,100,PMC,1,1,0,1,1,1,1,0,1,1,1
Lagos,Surulere,921644,116127,3.2,100,NA,1,1,0,0,1,1,1,0,1,1,1
Ogun,Abeokuta North,369068,52039,35.6,88,PMC,1,1,0,1,1,1,1,0,1,1,1
Ogun,Abeokuta South,464683,65520,35.6,100,PMC,1,1,0,1,1,1,1,0,1,1,1
Ogun,Ado Odo/Ota,978847,138017,35.6,97,PMC,1,1,0,1,1,1,1,0,1,0,1
Ogun,Ewekoro,102282,14422,35.6,79,PMC,1,1,0,1,1,1,1,0,1,0,1
Ogun,Ifo,1000992,141140,35.6,99,PMC,1,1,0,1,1,1,1,0,1,0,1
Ogun,Ijebu East,202959,28617,35.6,37,PMC,1,1,0,1,1,1,1,0,1,0,1
Ogun,Ijebu North,520797,73432,35.6,82,PMC,1,1,0,1,1,1,1,0,1,0,1
Ogun,Ijebu North East,127730,18010,35.6,79,PMC,1,1,0,1,1,1,1,0,1,0,1
Ogun,Ijebu Ode,291776,41140,35.6,94,PMC,1,1,0,1,1,1,1,0,1,0,1
Ogun,Ikenne,221146,31182,35.6,96,PMC,1,1,0,1,1,1,1,0,1,0,1
Ogun,Imeko Afon,154004,21715,35.6,0,PMC,1,1,0,1,1,1,1,0,1,0,1
Ogun,Ipokia,279200,39367,35.6,78,PMC,1,1,0,1,1,1,1,0,1,0,1
Ogun,Obafemi Owode,436419,61535,35.6,80,PMC,1,1,0,1,1,1,1,0,1,0,1
Ogun,Odeda,203332,28670,35.6,65,PMC,1,1,0,1,1,1,1,0,1,0,1
Ogun,Odogbolu,233288,32894,35.6,66,PMC,1,1,0,1,1,1,1,0,1,0,1
Ogun,Ogun Waterside,137796,19429,35.6,0,PMC,1,1,0,1,1,1,1,0,1,0,1
Ogun,Remo North,110932,15641,35.6,78,PMC,1,1,0,1,1,1,1,0,1,0,1
Ogun,Shagamu,475061,66984,35.6,96,PMC,1,1,0,1,1,1,1,0,1,0,1
Ogun,Yewa North,341314,48125,35.6,0,PMC,1,1,0,1,1,1,1,0,1,0,1
Ogun,Yewa South,312523,44066,35.6,75,PMC,1,1,0,1,1,1,1,0,1,0,1
Ondo,Akoko North East,314619,39957,45,84,PMC,1,1,0,1,1,1,1,0,1,0,1
Ondo,Akoko North West,372196,47269,45,31,PMC,1,1,0,1,1,1,1,0,1,0,1
Ondo,Akoko South East,144831,18394,45,0,PMC,1,1,0,1,1,1,1,0,1,0,1
Ondo,Akoko South West,401210,50954,45,79,PMC,1,1,0,1,1,1,1,0,1,0,1
Ondo,Akure North,229721,29175,45,63,PMC,1,1,0,1,1,1,1,0,1,1,1
Ondo,Akure South,632898,80378,45,98,PMC,1,1,0,1,1,1,1,0,1,1,1
Ondo,Ese Odo,278015,35308,45,0,PMC,1,1,0,1,1,1,1,0,1,0,1
Ondo,Idanre,228017,28958,45,36,PMC,1,1,0,1,1,1,1,0,1,0,1
Ondo,Ifedore,309840,39350,45,6,PMC,1,1,0,1,1,1,1,0,1,0,1
Ondo,Ilaje,509171,64665,45,0,PMC,1,1,0,1,1,1,1,0,1,0,1
Ondo,Ile Oluji Okeigbo,301942,38347,45,0,PMC,1,1,0,1,1,1,1,0,1,0,1
Ondo,Irele,253210,32158,45,0,PMC,1,1,0,1,1,1,1,0,1,0,1
Ondo,Odigbo,408069,51825,45,40,PMC,1,1,0,1,1,1,1,0,1,0,1
Ondo,Okitipupa,411320,52238,45,42,PMC,1,1,0,1,1,1,1,0,1,0,1
Ondo,Ondo East,133674,16977,45,47,PMC,1,1,0,1,1,1,1,0,1,0,1
Ondo,Ondo West,507467,64448,45,81,PMC,1,1,0,1,1,1,1,0,1,0,1
Ondo,Ose,253215,32158,45,0,PMC,1,1,0,1,1,1,1,0,1,0,1
Ondo,Owo,390457,49588,45,67,PMC,1,1,0,1,1,1,1,0,1,0,1
Osun,Aiyedade,272619,32442,27.6,46,PMC,1,1,0,1,1,1,1,0,1,0,1
Osun,Aiyedire,139088,16551,27.6,67,PMC,1,1,0,1,1,1,1,0,1,0,1
Osun,Atakumosa East,138716,16507,27.6,0,PMC,1,1,0,1,1,1,1,0,1,0,1
Osun,Atakumosa West,124581,14825,27.6,20,PMC,1,1,0,1,1,1,1,0,1,0,1
Osun,Boluwaduro,129327,15390,27.6,8,PMC,1,1,0,1,1,1,1,0,1,0,1
Osun,Boripe,252884,30093,27.6,96,PMC,1,1,0,1,1,1,1,0,1,0,1
Osun,Ede North,152775,18180,27.6,99,PMC,1,1,0,1,1,1,1,0,1,1,1
Osun,Ede South,137593,16374,27.6,61,PMC,1,1,0,1,1,1,1,0,1,1,1
Osun,Egbedore,134823,16044,27.6,88,PMC,1,1,0,1,1,1,1,0,1,1,1
Osun,Ejigbo,241534,28743,27.6,55,PMC,1,1,0,1,1,1,1,0,1,0,1
Osun,Ife Central,304762,36267,27.6,96,PMC,1,1,0,1,1,1,1,0,1,0,1
Osun,Ife East,343786,40910,27.6,96,PMC,1,1,0,1,1,1,1,0,1,0,1
Osun,Ife North,279372,33245,27.6,75,PMC,1,1,0,1,1,1,1,0,1,1,1
Osun,Ife South,245134,29171,27.6,0,PMC,1,1,0,1,1,1,1,0,1,0,1
Osun,Ifedayo,68366,8136,27.6,0,PMC,1,1,0,1,1,1,1,0,1,0,1
Osun,Ifelodun,175788,20919,27.6,91,PMC,1,1,0,1,1,1,1,0,1,1,1
Osun,Ila,113105,13460,27.6,88,PMC,1,1,0,1,1,1,1,0,1,0,1
Osun,Ilesha East,192141,22865,27.6,99,PMC,1,1,0,1,1,1,1,0,1,0,1
Osun,Ilesha West,194680,23167,27.6,100,PMC,1,1,0,1,1,1,1,0,1,0,1
Osun,Irepodun,217976,25939,27.6,99,PMC,1,1,0,1,1,1,1,0,1,1,1
Osun,Irewole,260292,30975,27.6,88,PMC,1,1,0,1,1,1,1,0,1,0,1
Osun,Isokan,186024,22137,27.6,76,PMC,1,1,0,1,1,1,1,0,1,0,1
Osun,Iwo,348769,41503,27.6,94,PMC,1,1,0,1,1,1,1,0,1,0,1
Osun,Obokun,212982,25345,27.6,8,PMC,1,1,0,1,1,1,1,0,1,0,1
Osun,Odo Otin,240738,28648,27.6,30,PMC,1,1,0,1,1,1,1,0,1,0,1
Osun,Ola Oluwa,138939,16534,27.6,2,PMC,1,1,0,1,1,1,1,0,1,0,1
Osun,Olorunda,239956,28555,27.6,93,PMC,1,1,0,1,1,1,1,0,1,1,1
Osun,Oriade,270450,32183,27.6,32,PMC,1,1,0,1,1,1,1,0,1,0,1
Osun,Orolu,187431,22304,27.6,93,PMC,1,1,0,1,1,1,1,0,1,1,1
Osun,Osogbo,283442,33730,27.6,100,PMC,1,1,0,1,1,1,1,0,1,1,1
Oyo,Afijio,247217,31644,29.4,79,PMC,1,1,0,1,1,1,1,0,1,0,1
Oyo,Akinyele,396139,50706,29.4,88,PMC,1,1,0,1,1,1,1,0,1,0,1
Oyo,Atiba,314662,40277,29.4,76,PMC,1,1,0,1,1,1,1,0,1,0,1
Oyo,Atigbo,205662,26325,29.4,0,PMC,1,1,0,1,1,1,1,0,1,0,1
Oyo,Egbeda,530483,67902,29.4,96,PMC,1,1,0,1,1,1,1,0,1,0,1
Oyo,Ibadan Central (Ibadan North East),619882,79345,29.4,100,PMC,1,1,0,1,1,1,1,0,1,1,1
Oyo,Ibadan North,576259,73761,29.4,100,PMC,1,1,0,1,1,1,1,0,1,1,1
Oyo,Ibadan North West,288072,36873,29.4,100,PMC,1,1,0,1,1,1,1,0,1,1,1
Oyo,Ibadan South East,498341,63788,29.4,100,PMC,1,1,0,1,1,1,1,0,1,1,1
Oyo,Ibadan South West,529463,67771,29.4,100,PMC,1,1,0,1,1,1,1,0,1,1,1
Oyo,Ibarapa Central,193090,24716,29.4,75,PMC,1,1,0,1,1,1,1,0,1,0,1
Oyo,Ibarapa East,219159,28052,29.4,0,PMC,1,1,0,1,1,1,1,0,1,0,1
Oyo,Ibarapa North,187573,24009,29.4,0,PMC,1,1,0,1,1,1,1,0,1,0,1
Oyo,Ido,194668,24918,29.4,89,PMC,1,1,0,1,1,1,1,0,1,0,1
Oyo,Irepo,226749,29024,29.4,63,PMC,1,1,0,1,1,1,1,0,1,0,1
Oyo,Iseyin,478071,61193,29.4,71,PMC,1,1,0,1,1,1,1,0,1,0,1
Oyo,Itesiwaju,238253,30496,29.4,0,PMC,1,1,0,1,1,1,1,0,1,0,1
Oyo,Iwajowa,192349,24621,29.4,0,PMC,1,1,0,1,1,1,1,0,1,0,1
Oyo,Kajola,375037,48005,29.4,57,PMC,1,1,0,1,1,1,1,0,1,0,1
Oyo,Lagelu,277045,35462,29.4,87,PMC,1,1,0,1,1,1,1,0,1,0,1
Oyo,Ogbomosho North,371916,47605,29.4,99,SMC,1,1,1,0,1,1,1,0,1,1,1
Oyo,Ogbomosho South,187734,24030,29.4,100,PMC,1,1,0,1,1,1,1,0,1,1,1
Oyo,Ogo Oluwa,121936,15608,29.4,40,PMC,1,1,0,1,1,1,1,0,1,0,1
Oyo,Olorunsogo,152124,19472,29.4,0,SMC,1,1,1,0,1,1,1,0,1,0,1
Oyo,Oluyole,380522,48707,29.4,95,PMC,1,1,0,1,1,1,1,0,1,0,1
Oyo,Ona Ara,496684,63575,29.4,93,PMC,1,1,0,1,1,1,1,0,1,0,1
Oyo,Orelope,194513,24898,29.4,0,PMC,1,1,0,1,1,1,1,0,1,0,1
Oyo,Ori Ire,279430,35767,29.4,16,PMC,1,1,0,1,1,1,1,0,1,0,1
Oyo,Oyo East,232088,29707,29.4,86,PMC,1,1,0,1,1,1,1,0,1,0,1
Oyo,Oyo West,255208,32667,29.4,84,PMC,1,1,0,1,1,1,1,0,1,0,1
Oyo,Saki East,203777,26083,29.4,0,SMC,1,1,1,0,1,1,1,0,1,0,1
Oyo,Saki West,511079,65418,29.4,66,SMC,1,1,1,0,1,1,1,0,1,0,1
Oyo,Surulere,262469,33596,29.4,27,PMC,1,1,0,1,1,1,1,0,1,0,1
