"zone","state","lga","cities","city","case_management","ipt_p","smc","llin","llin_type","irs","pmc","country"
"South East","Abia","Aba North",1,"Aba","Case management","IPTp","No SMC","Urban Areas (>1M population)","No PBO nets","No IRS","IPTi","Nigeria"
"South East","Abia","Aba South",1,"Aba","Case management","IPTp","No SMC","Urban Areas (>1M population)","No PBO nets","No IRS","IPTi","Nigeria"
"South East","Abia","Arochukwu",0,NA,"Case management","IPTp","No SMC","LLINs","No PBO nets","No IRS","IPTi","Nigeria"
"South East","Abia","Bende",0,NA,"Case management","IPTp","No SMC","LLINs","No PBO nets","No IRS","IPTi","Nigeria"
"South East","Abia","Ikwuano",0,NA,"Case management","IPTp","No SMC","LLINs","No PBO nets","No IRS","IPTi","Nigeria"
"South East","Abia","Isiala-Ngwa North",0,NA,"Case management","IPTp","No SMC","LLINs","No PBO nets","No IRS","IPTi","Nigeria"
"South East","Abia","Isiala-Ngwa South",0,NA,"Case management","IPTp","No SMC","LLINs","No PBO nets","No IRS","IPTi","Nigeria"
"South East","Abia","Isuikwato",0,NA,"Case management","IPTp","No SMC","LLINs","No PBO nets","No IRS","IPTi","Nigeria"
"South East","Abia","Obi Nwa",1,"Aba","Case management","IPTp","No SMC","Urban Areas (>1M population)","No PBO nets","No IRS","IPTi","Nigeria"
"South East","Abia","Ohafia",0,NA,"Case management","IPTp","No SMC","LLINs","No PBO nets","No IRS","IPTi","Nigeria"
"South East","Abia","Osisioma Ngwa",1,"Aba","Case management","IPTp","No SMC","Urban Areas (>1M population)","No PBO nets","No IRS","IPTi","Nigeria"
"South East","Abia","Ugwunagbo",1,"Aba","Case management","IPTp","No SMC","Urban Areas (>1M population)","No PBO nets","No IRS","IPTi","Nigeria"
"South East","Abia","Ukwa East",0,NA,"Case management","IPTp","No SMC","LLINs","No PBO nets","No IRS","IPTi","Nigeria"
"South East","Abia","Ukwa West",0,NA,"Case management","IPTp","No SMC","LLINs","No PBO nets","No IRS","IPTi","Nigeria"
"South East","Abia","Umu-Neochi",0,NA,"Case management","IPTp","No SMC","LLINs","No PBO nets","No IRS","IPTi","Nigeria"
"South East","Abia","Umuahia North",0,NA,"Case management","IPTp","No SMC","LLINs","No PBO nets","No IRS","IPTi","Nigeria"
"South East","Abia","Umuahia South",0,NA,"Case management","IPTp","No SMC","LLINs","No PBO nets","No IRS","IPTi","Nigeria"
"North East","Adamawa","Demsa",0,NA,"Case management","IPTp","SMC","No LLINs","No PBO nets","IRS","No IPTi","Nigeria"
"North East","Adamawa","Fufore",0,NA,"Case management","IPTp","SMC","No LLINs","No PBO nets","IRS","No IPTi","Nigeria"
"North East","Adamawa","Ganaye",0,NA,"Case management","IPTp","SMC","No LLINs","No PBO nets","IRS","No IPTi","Nigeria"
"North East","Adamawa","Gireri",0,NA,"Case management","IPTp","SMC","No LLINs","No PBO nets","IRS","No IPTi","Nigeria"
"North East","Adamawa","Gombi",0,NA,"Case management","IPTp","SMC","No LLINs","No PBO nets","IRS","No IPTi","Nigeria"
"North East","Adamawa","Guyuk",0,NA,"Case management","IPTp","SMC","No LLINs","No PBO nets","IRS","No IPTi","Nigeria"
"North East","Adamawa","Hong",0,NA,"Case management","IPTp","SMC","No LLINs","No PBO nets","IRS","No IPTi","Nigeria"
"North East","Adamawa","Jada",0,NA,"Case management","IPTp","SMC","No LLINs","No PBO nets","IRS","No IPTi","Nigeria"
"North East","Adamawa","Lamurde",0,NA,"Case management","IPTp","SMC","No LLINs","No PBO nets","IRS","No IPTi","Nigeria"
"North East","Adamawa","Madagali",0,NA,"Case management","IPTp","SMC","LLINs","No PBO nets","No IRS","No IPTi","Nigeria"
"North East","Adamawa","Maiha",0,NA,"Case management","IPTp","SMC","No LLINs","No PBO nets","IRS","No IPTi","Nigeria"
"North East","Adamawa","Mayo-Belwa",0,NA,"Case management","IPTp","SMC","No LLINs","No PBO nets","IRS","No IPTi","Nigeria"
"North East","Adamawa","Michika",0,NA,"Case management","IPTp","SMC","LLINs","No PBO nets","No IRS","No IPTi","Nigeria"
"North East","Adamawa","Mubi North",0,NA,"Case management","IPTp","SMC","LLINs","No PBO nets","No IRS","No IPTi","Nigeria"
"North East","Adamawa","Mubi South",0,NA,"Case management","IPTp","SMC","No LLINs","No PBO nets","IRS","No IPTi","Nigeria"
"North East","Adamawa","Numan",0,NA,"Case management","IPTp","SMC","No LLINs","No PBO nets","IRS","No IPTi","Nigeria"
"North East","Adamawa","Shelleng",0,NA,"Case management","IPTp","SMC","No LLINs","No PBO nets","IRS","No IPTi","Nigeria"
"North East","Adamawa","Song",0,NA,"Case management","IPTp","SMC","No LLINs","No PBO nets","IRS","No IPTi","Nigeria"
"North East","Adamawa","Toungo",0,NA,"Case management","IPTp","SMC","No LLINs","No PBO nets","IRS","No IPTi","Nigeria"
"North East","Adamawa","Yola North",0,NA,"Case management","IPTp","SMC","No LLINs","No PBO nets","IRS","No IPTi","Nigeria"
"North East","Adamawa","Yola South",0,NA,"Case management","IPTp","SMC","No LLINs","No PBO nets","IRS","No IPTi","Nigeria"
"South South","Akwa Ibom","Abak",0,NA,"Case management","IPTp","No SMC","LLINs","No PBO nets","No IRS","IPTi","Nigeria"
"South South","Akwa Ibom","Eastern Obolo",0,NA,"Case management","IPTp","No SMC","No LLINs","No PBO nets","IRS","IPTi","Nigeria"
"South South","Akwa Ibom","Eket",0,NA,"Case management","IPTp","No SMC","LLINs","No PBO nets","No IRS","IPTi","Nigeria"
"South South","Akwa Ibom","Esit Eket",0,NA,"Case management","IPTp","No SMC","LLINs","No PBO nets","No IRS","IPTi","Nigeria"
"South South","Akwa Ibom","Essien Udim",0,NA,"Case management","IPTp","No SMC","LLINs","No PBO nets","No IRS","IPTi","Nigeria"
"South South","Akwa Ibom","Etim Ekpo",0,NA,"Case management","IPTp","No SMC","LLINs","No PBO nets","No IRS","IPTi","Nigeria"
"South South","Akwa Ibom","Etinan",0,NA,"Case management","IPTp","No SMC","LLINs","No PBO nets","No IRS","IPTi","Nigeria"
"South South","Akwa Ibom","Ibeno",0,NA,"Case management","IPTp","No SMC","LLINs","No PBO nets","No IRS","IPTi","Nigeria"
"South South","Akwa Ibom","Ibesikpo Asutan",0,NA,"Case management","IPTp","No SMC","LLINs","No PBO nets","No IRS","IPTi","Nigeria"
"South South","Akwa Ibom","Ibiono Ibom",0,NA,"Case management","IPTp","No SMC","LLINs","No PBO nets","No IRS","IPTi","Nigeria"
"South South","Akwa Ibom","Ika",0,NA,"Case management","IPTp","No SMC","LLINs","No PBO nets","No IRS","IPTi","Nigeria"
"South South","Akwa Ibom","Ikono",0,NA,"Case management","IPTp","No SMC","LLINs","No PBO nets","No IRS","IPTi","Nigeria"
"South South","Akwa Ibom","Ikot Abasi",0,NA,"Case management","IPTp","No SMC","LLINs","No PBO nets","No IRS","IPTi","Nigeria"
"South South","Akwa Ibom","Ikot Ekpene",0,NA,"Case management","IPTp","No SMC","LLINs","No PBO nets","No IRS","IPTi","Nigeria"
"South South","Akwa Ibom","Ini",0,NA,"Case management","IPTp","No SMC","LLINs","No PBO nets","No IRS","IPTi","Nigeria"
"South South","Akwa Ibom","Itu",0,NA,"Case management","IPTp","No SMC","LLINs","No PBO nets","No IRS","IPTi","Nigeria"
"South South","Akwa Ibom","Mbo",0,NA,"Case management","IPTp","No SMC","LLINs","No PBO nets","No IRS","IPTi","Nigeria"
"South South","Akwa Ibom","Mkpat Enin",0,NA,"Case management","IPTp","No SMC","No LLINs","No PBO nets","IRS","IPTi","Nigeria"
"South South","Akwa Ibom","Nsit Atai",0,NA,"Case management","IPTp","No SMC","LLINs","No PBO nets","No IRS","IPTi","Nigeria"
"South South","Akwa Ibom","Nsit Ibom",0,NA,"Case management","IPTp","No SMC","LLINs","No PBO nets","No IRS","IPTi","Nigeria"
"South South","Akwa Ibom","Nsit Ubium",0,NA,"Case management","IPTp","No SMC","LLINs","No PBO nets","No IRS","IPTi","Nigeria"
"South South","Akwa Ibom","Obot Akara",0,NA,"Case management","IPTp","No SMC","LLINs","No PBO nets","No IRS","IPTi","Nigeria"
"South South","Akwa Ibom","Okobo",0,NA,"Case management","IPTp","No SMC","LLINs","No PBO nets","No IRS","IPTi","Nigeria"
"South South","Akwa Ibom","Onna",0,NA,"Case management","IPTp","No SMC","No LLINs","No PBO nets","IRS","IPTi","Nigeria"
"South South","Akwa Ibom","Oron",0,NA,"Case management","IPTp","No SMC","LLINs","No PBO nets","No IRS","IPTi","Nigeria"
"South South","Akwa Ibom","Oruk Anam",0,NA,"Case management","IPTp","No SMC","LLINs","No PBO nets","No IRS","IPTi","Nigeria"
"South South","Akwa Ibom","Udung Uko",0,NA,"Case management","IPTp","No SMC","LLINs","No PBO nets","No IRS","IPTi","Nigeria"
"South South","Akwa Ibom","Ukanafun",0,NA,"Case management","IPTp","No SMC","No LLINs","No PBO nets","IRS","IPTi","Nigeria"
"South South","Akwa Ibom","Uruan",0,NA,"Case management","IPTp","No SMC","LLINs","No PBO nets","No IRS","IPTi","Nigeria"
"South South","Akwa Ibom","Urue-Offong/Oruko",0,NA,"Case management","IPTp","No SMC","LLINs","No PBO nets","No IRS","IPTi","Nigeria"
"South South","Akwa Ibom","Uyo",0,NA,"Case management","IPTp","No SMC","LLINs","No PBO nets","No IRS","IPTi","Nigeria"
"South East","Anambra","Aguata",0,NA,"Case management","IPTp","No SMC","LLINs","No PBO nets","No IRS","IPTi","Nigeria"
"South East","Anambra","Anambra East",0,NA,"Case management","IPTp","No SMC","LLINs","No PBO nets","No IRS","IPTi","Nigeria"
"South East","Anambra","Anambra West",0,NA,"Case management","IPTp","No SMC","LLINs","No PBO nets","No IRS","IPTi","Nigeria"
"South East","Anambra","Anaocha",0,NA,"Case management","IPTp","No SMC","LLINs","No PBO nets","No IRS","IPTi","Nigeria"
"South East","Anambra","Awka North",0,NA,"Case management","IPTp","No SMC","LLINs","No PBO nets","No IRS","IPTi","Nigeria"
"South East","Anambra","Awka South",0,NA,"Case management","IPTp","No SMC","LLINs","No PBO nets","No IRS","IPTi","Nigeria"
"South East","Anambra","Ayamelum",0,NA,"Case management","IPTp","No SMC","LLINs","No PBO nets","No IRS","IPTi","Nigeria"
"South East","Anambra","Dunukofia",0,NA,"Case management","IPTp","No SMC","LLINs","No PBO nets","No IRS","IPTi","Nigeria"
"South East","Anambra","Ekwusigo",0,NA,"Case management","IPTp","No SMC","LLINs","No PBO nets","No IRS","IPTi","Nigeria"
"South East","Anambra","Idemili North",0,NA,"Case management","IPTp","No SMC","LLINs","No PBO nets","No IRS","IPTi","Nigeria"
"South East","Anambra","Idemili South",0,NA,"Case management","IPTp","No SMC","LLINs","No PBO nets","No IRS","IPTi","Nigeria"
"South East","Anambra","Ihiala",0,NA,"Case management","IPTp","No SMC","LLINs","No PBO nets","No IRS","IPTi","Nigeria"
"South East","Anambra","Njikoka",0,NA,"Case management","IPTp","No SMC","LLINs","No PBO nets","No IRS","IPTi","Nigeria"
"South East","Anambra","Nnewi North",0,NA,"Case management","IPTp","No SMC","No LLINs","No PBO nets","IRS","IPTi","Nigeria"
"South East","Anambra","Nnewi South",0,NA,"Case management","IPTp","No SMC","LLINs","No PBO nets","No IRS","IPTi","Nigeria"
"South East","Anambra","Ogbaru",0,NA,"Case management","IPTp","No SMC","LLINs","No PBO nets","No IRS","IPTi","Nigeria"
"South East","Anambra","Onitsha North",0,NA,"Case management","IPTp","No SMC","LLINs","No PBO nets","No IRS","IPTi","Nigeria"
"South East","Anambra","Onitsha South",0,NA,"Case management","IPTp","No SMC","LLINs","No PBO nets","No IRS","IPTi","Nigeria"
"South East","Anambra","Orumba North",0,NA,"Case management","IPTp","No SMC","LLINs","No PBO nets","No IRS","IPTi","Nigeria"
"South East","Anambra","Orumba South",0,NA,"Case management","IPTp","No SMC","LLINs","No PBO nets","No IRS","IPTi","Nigeria"
"South East","Anambra","Oyi",0,NA,"Case management","IPTp","No SMC","LLINs","No PBO nets","No IRS","IPTi","Nigeria"
"North East","Bauchi","Alkaleri",0,NA,"Case management","IPTp","SMC","No LLINs","No PBO nets","IRS","No IPTi","Nigeria"
"North East","Bauchi","Bauchi",0,NA,"Case management","IPTp","SMC","No LLINs","No PBO nets","IRS","No IPTi","Nigeria"
"North East","Bauchi","Bogoro",0,NA,"Case management","IPTp","SMC","No LLINs","No PBO nets","IRS","No IPTi","Nigeria"
"North East","Bauchi","Damban",0,NA,"Case management","IPTp","SMC","No LLINs","No PBO nets","IRS","No IPTi","Nigeria"
"North East","Bauchi","Darazo",0,NA,"Case management","IPTp","SMC","No LLINs","No PBO nets","IRS","No IPTi","Nigeria"
"North East","Bauchi","Dass",0,NA,"Case management","IPTp","SMC","No LLINs","No PBO nets","IRS","No IPTi","Nigeria"
"North East","Bauchi","Gamawa",0,NA,"Case management","IPTp","SMC","No LLINs","No PBO nets","IRS","No IPTi","Nigeria"
"North East","Bauchi","Ganjuwa",0,NA,"Case management","IPTp","SMC","No LLINs","No PBO nets","IRS","No IPTi","Nigeria"
"North East","Bauchi","Giade",0,NA,"Case management","IPTp","SMC","No LLINs","No PBO nets","IRS","No IPTi","Nigeria"
"North East","Bauchi","Itas/Gadau",0,NA,"Case management","IPTp","SMC","No LLINs","No PBO nets","IRS","No IPTi","Nigeria"
"North East","Bauchi","Jama'are",0,NA,"Case management","IPTp","SMC","No LLINs","No PBO nets","IRS","No IPTi","Nigeria"
"North East","Bauchi","Katagum",0,NA,"Case management","IPTp","SMC","No LLINs","No PBO nets","IRS","No IPTi","Nigeria"
"North East","Bauchi","Kirfi",0,NA,"Case management","IPTp","SMC","No LLINs","No PBO nets","IRS","No IPTi","Nigeria"
"North East","Bauchi","Misau",0,NA,"Case management","IPTp","SMC","No LLINs","No PBO nets","IRS","No IPTi","Nigeria"
"North East","Bauchi","Ningi",0,NA,"Case management","IPTp","SMC","No LLINs","No PBO nets","IRS","No IPTi","Nigeria"
"North East","Bauchi","Shira",0,NA,"Case management","IPTp","SMC","No LLINs","No PBO nets","IRS","No IPTi","Nigeria"
"North East","Bauchi","Tafawa-Balewa",0,NA,"Case management","IPTp","SMC","No LLINs","No PBO nets","IRS","No IPTi","Nigeria"
"North East","Bauchi","Toro",0,NA,"Case management","IPTp","SMC","No LLINs","No PBO nets","IRS","No IPTi","Nigeria"
"North East","Bauchi","Warji",0,NA,"Case management","IPTp","SMC","No LLINs","No PBO nets","IRS","No IPTi","Nigeria"
"North East","Bauchi","Zaki",0,NA,"Case management","IPTp","SMC","No LLINs","No PBO nets","IRS","No IPTi","Nigeria"
"South South","Bayelsa","Brass",0,NA,"Case management","IPTp","No SMC","LLINs","No PBO nets","No IRS","IPTi","Nigeria"
"South South","Bayelsa","Ekeremor",0,NA,"Case management","IPTp","No SMC","LLINs","No PBO nets","No IRS","IPTi","Nigeria"
"South South","Bayelsa","Kolokuma/Opokuma",0,NA,"Case management","IPTp","No SMC","LLINs","No PBO nets","No IRS","IPTi","Nigeria"
"South South","Bayelsa","Nembe",0,NA,"Case management","IPTp","No SMC","LLINs","No PBO nets","No IRS","IPTi","Nigeria"
"South South","Bayelsa","Ogbia",0,NA,"Case management","IPTp","No SMC","LLINs","No PBO nets","No IRS","IPTi","Nigeria"
"South South","Bayelsa","Sagbama",0,NA,"Case management","IPTp","No SMC","LLINs","No PBO nets","No IRS","IPTi","Nigeria"
"South South","Bayelsa","Southern Ijaw",0,NA,"Case management","IPTp","No SMC","LLINs","No PBO nets","No IRS","IPTi","Nigeria"
"South South","Bayelsa","Yenegoa",0,NA,"Case management","IPTp","No SMC","LLINs","No PBO nets","No IRS","IPTi","Nigeria"
"North Central","Benue","Ado",0,NA,"Case management","IPTp","No SMC","LLINs","No PBO nets","No IRS","IPTi","Nigeria"
"North Central","Benue","Agatu",0,NA,"Case management","IPTp","SMC","LLINs","No PBO nets","No IRS","No IPTi","Nigeria"
"North Central","Benue","Apa",0,NA,"Case management","IPTp","SMC","LLINs","No PBO nets","No IRS","No IPTi","Nigeria"
"North Central","Benue","Buruku",0,NA,"Case management","IPTp","SMC","LLINs","No PBO nets","No IRS","No IPTi","Nigeria"
"North Central","Benue","Gboko",0,NA,"Case management","IPTp","SMC","LLINs","No PBO nets","No IRS","No IPTi","Nigeria"
"North Central","Benue","Guma",0,NA,"Case management","IPTp","SMC","LLINs","No PBO nets","No IRS","No IPTi","Nigeria"
"North Central","Benue","Gwer East",0,NA,"Case management","IPTp","SMC","LLINs","No PBO nets","No IRS","No IPTi","Nigeria"
"North Central","Benue","Gwer West",0,NA,"Case management","IPTp","SMC","LLINs","No PBO nets","No IRS","No IPTi","Nigeria"
"North Central","Benue","Katsina-Ala",0,NA,"Case management","IPTp","No SMC","LLINs","No PBO nets","No IRS","IPTi","Nigeria"
"North Central","Benue","Konshisha",0,NA,"Case management","IPTp","SMC","LLINs","No PBO nets","No IRS","No IPTi","Nigeria"
"North Central","Benue","Kwande",0,NA,"Case management","IPTp","SMC","LLINs","No PBO nets","No IRS","No IPTi","Nigeria"
"North Central","Benue","Logo",0,NA,"Case management","IPTp","SMC","LLINs","No PBO nets","No IRS","No IPTi","Nigeria"
"North Central","Benue","Makurdi",0,NA,"Case management","IPTp","SMC","LLINs","No PBO nets","No IRS","No IPTi","Nigeria"
"North Central","Benue","Obi1",0,NA,"Case management","IPTp","No SMC","No LLINs","No PBO nets","IRS","IPTi","Nigeria"
"North Central","Benue","Ogbadibo",0,NA,"Case management","IPTp","No SMC","LLINs","No PBO nets","No IRS","IPTi","Nigeria"
"North Central","Benue","Ohimini",0,NA,"Case management","IPTp","No SMC","No LLINs","No PBO nets","IRS","IPTi","Nigeria"
"North Central","Benue","Oju",0,NA,"Case management","IPTp","No SMC","LLINs","No PBO nets","No IRS","IPTi","Nigeria"
"North Central","Benue","Okpokwu",0,NA,"Case management","IPTp","No SMC","LLINs","No PBO nets","No IRS","IPTi","Nigeria"
"North Central","Benue","Oturkpo",0,NA,"Case management","IPTp","SMC","LLINs","No PBO nets","No IRS","No IPTi","Nigeria"
"North Central","Benue","Tarka",0,NA,"Case management","IPTp","SMC","LLINs","No PBO nets","No IRS","No IPTi","Nigeria"
"North Central","Benue","Ukum",0,NA,"Case management","IPTp","SMC","LLINs","No PBO nets","No IRS","No IPTi","Nigeria"
"North Central","Benue","Ushongo",0,NA,"Case management","IPTp","SMC","LLINs","No PBO nets","No IRS","No IPTi","Nigeria"
"North Central","Benue","Vandeikya",0,NA,"Case management","IPTp","SMC","LLINs","No PBO nets","No IRS","No IPTi","Nigeria"
"North East","Borno","Abadam",0,NA,"Case management","IPTp","SMC","LLINs","No PBO nets","No IRS","No IPTi","Nigeria"
"North East","Borno","Askira/Uba",0,NA,"Case management","IPTp","SMC","No LLINs","No PBO nets","IRS","No IPTi","Nigeria"
"North East","Borno","Bama",0,NA,"Case management","IPTp","SMC","LLINs","No PBO nets","No IRS","No IPTi","Nigeria"
"North East","Borno","Bayo",0,NA,"Case management","IPTp","SMC","No LLINs","No PBO nets","IRS","No IPTi","Nigeria"
"North East","Borno","Biu",0,NA,"Case management","IPTp","SMC","No LLINs","No PBO nets","IRS","No IPTi","Nigeria"
"North East","Borno","Chibok",0,NA,"Case management","IPTp","SMC","No LLINs","No PBO nets","IRS","No IPTi","Nigeria"
"North East","Borno","Damboa",0,NA,"Case management","IPTp","SMC","LLINs","No PBO nets","No IRS","No IPTi","Nigeria"
"North East","Borno","Dikwa",0,NA,"Case management","IPTp","SMC","No LLINs","No PBO nets","IRS","No IPTi","Nigeria"
"North East","Borno","Gubio",0,NA,"Case management","IPTp","SMC","LLINs","No PBO nets","No IRS","No IPTi","Nigeria"
"North East","Borno","Guzamala",0,NA,"Case management","IPTp","SMC","LLINs","No PBO nets","No IRS","No IPTi","Nigeria"
"North East","Borno","Gwoza",0,NA,"Case management","IPTp","SMC","LLINs","No PBO nets","No IRS","No IPTi","Nigeria"
"North East","Borno","Hawul",0,NA,"Case management","IPTp","SMC","No LLINs","No PBO nets","IRS","No IPTi","Nigeria"
"North East","Borno","Jere",1,"Maiduguri","Case management","IPTp","SMC","No LLINs","No PBO nets","IRS","No IPTi","Nigeria"
"North East","Borno","Kaga",0,NA,"Case management","IPTp","SMC","LLINs","No PBO nets","No IRS","No IPTi","Nigeria"
"North East","Borno","Kala/Balge",0,NA,"Case management","IPTp","SMC","LLINs","No PBO nets","No IRS","No IPTi","Nigeria"
"North East","Borno","Konduga",0,NA,"Case management","IPTp","SMC","LLINs","No PBO nets","No IRS","No IPTi","Nigeria"
"North East","Borno","Kukawa",0,NA,"Case management","IPTp","SMC","LLINs","No PBO nets","No IRS","No IPTi","Nigeria"
"North East","Borno","Kwaya Kusar",0,NA,"Case management","IPTp","SMC","LLINs","No PBO nets","No IRS","No IPTi","Nigeria"
"North East","Borno","Mafa",0,NA,"Case management","IPTp","SMC","LLINs","No PBO nets","No IRS","No IPTi","Nigeria"
"North East","Borno","Magumeri",0,NA,"Case management","IPTp","SMC","LLINs","No PBO nets","No IRS","No IPTi","Nigeria"
"North East","Borno","Maiduguri",1,"Maiduguri","Case management","IPTp","SMC","Urban Areas (>1M population)","No PBO nets","No IRS","No IPTi","Nigeria"
"North East","Borno","Marte",0,NA,"Case management","IPTp","SMC","LLINs","No PBO nets","No IRS","No IPTi","Nigeria"
"North East","Borno","Mobbar",0,NA,"Case management","IPTp","SMC","LLINs","No PBO nets","No IRS","No IPTi","Nigeria"
"North East","Borno","Monguno",0,NA,"Case management","IPTp","SMC","LLINs","No PBO nets","No IRS","No IPTi","Nigeria"
"North East","Borno","Ngala",0,NA,"Case management","IPTp","SMC","LLINs","No PBO nets","No IRS","No IPTi","Nigeria"
"North East","Borno","Nganzai",0,NA,"Case management","IPTp","SMC","LLINs","No PBO nets","No IRS","No IPTi","Nigeria"
"North East","Borno","Shani",0,NA,"Case management","IPTp","SMC","LLINs","No PBO nets","No IRS","No IPTi","Nigeria"
"South South","Cross River","Abi",0,NA,"Case management","IPTp","No SMC","LLINs","No PBO nets","No IRS","IPTi","Nigeria"
"South South","Cross River","Akamkpa",0,NA,"Case management","IPTp","No SMC","LLINs","No PBO nets","No IRS","IPTi","Nigeria"
"South South","Cross River","Akpabuyo",0,NA,"Case management","IPTp","No SMC","LLINs","No PBO nets","No IRS","IPTi","Nigeria"
"South South","Cross River","Bakassi",0,NA,"Case management","IPTp","No SMC","No LLINs","No PBO nets","IRS","IPTi","Nigeria"
"South South","Cross River","Bekwara",0,NA,"Case management","IPTp","SMC","LLINs","No PBO nets","No IRS","No IPTi","Nigeria"
"South South","Cross River","Biase",0,NA,"Case management","IPTp","No SMC","LLINs","No PBO nets","No IRS","IPTi","Nigeria"
"South South","Cross River","Boki",0,NA,"Case management","IPTp","No SMC","LLINs","No PBO nets","No IRS","IPTi","Nigeria"
"South South","Cross River","Calabar South",0,NA,"Case management","IPTp","No SMC","LLINs","No PBO nets","No IRS","IPTi","Nigeria"
"South South","Cross River","Calabar-Municipal",0,NA,"Case management","IPTp","No SMC","No LLINs","No PBO nets","IRS","IPTi","Nigeria"
"South South","Cross River","Etung",0,NA,"Case management","IPTp","No SMC","LLINs","No PBO nets","No IRS","IPTi","Nigeria"
"South South","Cross River","Ikom",0,NA,"Case management","IPTp","No SMC","No LLINs","No PBO nets","IRS","IPTi","Nigeria"
"South South","Cross River","Obanliku",0,NA,"Case management","IPTp","SMC","No LLINs","No PBO nets","IRS","No IPTi","Nigeria"
"South South","Cross River","Obubra",0,NA,"Case management","IPTp","No SMC","No LLINs","No PBO nets","IRS","IPTi","Nigeria"
"South South","Cross River","Obudu",0,NA,"Case management","IPTp","SMC","No LLINs","No PBO nets","IRS","No IPTi","Nigeria"
"South South","Cross River","Odukpani",0,NA,"Case management","IPTp","No SMC","LLINs","No PBO nets","No IRS","IPTi","Nigeria"
"South South","Cross River","Ogoja",0,NA,"Case management","IPTp","SMC","LLINs","No PBO nets","No IRS","No IPTi","Nigeria"
"South South","Cross River","Yakurr",0,NA,"Case management","IPTp","No SMC","No LLINs","No PBO nets","IRS","IPTi","Nigeria"
"South South","Cross River","Yala",0,NA,"Case management","IPTp","SMC","LLINs","No PBO nets","No IRS","No IPTi","Nigeria"
"South South","Delta","Aniocha North",0,NA,"Case management","IPTp","No SMC","LLINs","No PBO nets","No IRS","IPTi","Nigeria"
"South South","Delta","Aniocha South",0,NA,"Case management","IPTp","No SMC","LLINs","No PBO nets","No IRS","IPTi","Nigeria"
"South South","Delta","Bomadi",0,NA,"Case management","IPTp","No SMC","LLINs","No PBO nets","No IRS","IPTi","Nigeria"
"South South","Delta","Burutu",0,NA,"Case management","IPTp","No SMC","LLINs","No PBO nets","No IRS","IPTi","Nigeria"
"South South","Delta","Ethiope East",0,NA,"Case management","IPTp","No SMC","LLINs","No PBO nets","No IRS","IPTi","Nigeria"
"South South","Delta","Ethiope West",0,NA,"Case management","IPTp","No SMC","LLINs","No PBO nets","No IRS","IPTi","Nigeria"
"South South","Delta","Ika North East",0,NA,"Case management","IPTp","No SMC","LLINs","No PBO nets","No IRS","IPTi","Nigeria"
"South South","Delta","Ika South",0,NA,"Case management","IPTp","No SMC","LLINs","No PBO nets","No IRS","IPTi","Nigeria"
"South South","Delta","Isoko North",0,NA,"Case management","IPTp","No SMC","LLINs","No PBO nets","No IRS","IPTi","Nigeria"
"South South","Delta","Isoko South",0,NA,"Case management","IPTp","No SMC","LLINs","No PBO nets","No IRS","IPTi","Nigeria"
"South South","Delta","Ndokwa East",0,NA,"Case management","IPTp","No SMC","LLINs","No PBO nets","No IRS","IPTi","Nigeria"
"South South","Delta","Ndokwa West",0,NA,"Case management","IPTp","No SMC","No LLINs","No PBO nets","IRS","IPTi","Nigeria"
"South South","Delta","Okpe",1,"Warri","Case management","IPTp","No SMC","Urban Areas (>1M population)","No PBO nets","No IRS","IPTi","Nigeria"
"South South","Delta","Oshimili North",0,NA,"Case management","IPTp","No SMC","LLINs","No PBO nets","No IRS","IPTi","Nigeria"
"South South","Delta","Oshimili South",0,NA,"Case management","IPTp","No SMC","LLINs","No PBO nets","No IRS","IPTi","Nigeria"
"South South","Delta","Patani",0,NA,"Case management","IPTp","No SMC","No LLINs","No PBO nets","IRS","IPTi","Nigeria"
"South South","Delta","Sapele",0,NA,"Case management","IPTp","No SMC","LLINs","No PBO nets","No IRS","IPTi","Nigeria"
"South South","Delta","Udu",1,"Warri","Case management","IPTp","No SMC","Urban Areas (>1M population)","No PBO nets","No IRS","IPTi","Nigeria"
"South South","Delta","Ughelli North",1,"Warri","Case management","IPTp","No SMC","Urban Areas (>1M population)","No PBO nets","No IRS","IPTi","Nigeria"
"South South","Delta","Ughelli South",0,NA,"Case management","IPTp","No SMC","No LLINs","No PBO nets","IRS","IPTi","Nigeria"
"South South","Delta","Ukwuani",0,NA,"Case management","IPTp","No SMC","LLINs","No PBO nets","No IRS","IPTi","Nigeria"
"South South","Delta","Uvwie",1,"Warri","Case management","IPTp","No SMC","Urban Areas (>1M population)","No PBO nets","No IRS","IPTi","Nigeria"
"South South","Delta","Warri North",0,NA,"Case management","IPTp","No SMC","LLINs","No PBO nets","No IRS","IPTi","Nigeria"
"South South","Delta","Warri South",1,"Warri","Case management","IPTp","No SMC","Urban Areas (>1M population)","No PBO nets","No IRS","IPTi","Nigeria"
"South South","Delta","Warri South West",0,NA,"Case management","IPTp","No SMC","LLINs","No PBO nets","No IRS","IPTi","Nigeria"
"South East","Ebonyi","Abakaliki",0,NA,"Case management","IPTp","No SMC","No LLINs","No PBO nets","IRS","IPTi","Nigeria"
"South East","Ebonyi","Afikpo North",0,NA,"Case management","IPTp","No SMC","No LLINs","No PBO nets","IRS","IPTi","Nigeria"
"South East","Ebonyi","Afikpo South",0,NA,"Case management","IPTp","No SMC","No LLINs","No PBO nets","IRS","IPTi","Nigeria"
"South East","Ebonyi","Ebonyi",0,NA,"Case management","IPTp","No SMC","No LLINs","No PBO nets","IRS","IPTi","Nigeria"
"South East","Ebonyi","Ezza North",0,NA,"Case management","IPTp","No SMC","No LLINs","No PBO nets","IRS","IPTi","Nigeria"
"South East","Ebonyi","Ezza South",0,NA,"Case management","IPTp","No SMC","No LLINs","No PBO nets","IRS","IPTi","Nigeria"
"South East","Ebonyi","Ikwo",0,NA,"Case management","IPTp","No SMC","No LLINs","No PBO nets","IRS","IPTi","Nigeria"
"South East","Ebonyi","Ishielu",0,NA,"Case management","IPTp","No SMC","No LLINs","No PBO nets","IRS","IPTi","Nigeria"
"South East","Ebonyi","Ivo",0,NA,"Case management","IPTp","No SMC","No LLINs","No PBO nets","IRS","IPTi","Nigeria"
"South East","Ebonyi","Izzi",0,NA,"Case management","IPTp","No SMC","No LLINs","No PBO nets","IRS","IPTi","Nigeria"
"South East","Ebonyi","Ohaozara",0,NA,"Case management","IPTp","No SMC","No LLINs","No PBO nets","IRS","IPTi","Nigeria"
"South East","Ebonyi","Ohaukwu",0,NA,"Case management","IPTp","No SMC","No LLINs","No PBO nets","IRS","IPTi","Nigeria"
"South East","Ebonyi","Onicha",0,NA,"Case management","IPTp","No SMC","No LLINs","No PBO nets","IRS","IPTi","Nigeria"
"South South","Edo","Akoko-Edo",0,NA,"Case management","IPTp","No SMC","LLINs","No PBO nets","No IRS","IPTi","Nigeria"
"South South","Edo","Egor",1,"Benin City","Case management","IPTp","No SMC","Urban Areas (>1M population)","No PBO nets","No IRS","IPTi","Nigeria"
"South South","Edo","Esan Central",0,NA,"Case management","IPTp","No SMC","LLINs","No PBO nets","No IRS","IPTi","Nigeria"
"South South","Edo","Esan North East",0,NA,"Case management","IPTp","No SMC","LLINs","No PBO nets","No IRS","IPTi","Nigeria"
"South South","Edo","Esan South East",0,NA,"Case management","IPTp","No SMC","LLINs","No PBO nets","No IRS","IPTi","Nigeria"
"South South","Edo","Esan West",0,NA,"Case management","IPTp","No SMC","LLINs","No PBO nets","No IRS","IPTi","Nigeria"
"South South","Edo","Etsako Central",0,NA,"Case management","IPTp","No SMC","LLINs","No PBO nets","No IRS","IPTi","Nigeria"
"South South","Edo","Etsako East",0,NA,"Case management","IPTp","No SMC","LLINs","No PBO nets","No IRS","IPTi","Nigeria"
"South South","Edo","Etsako West",0,NA,"Case management","IPTp","No SMC","LLINs","No PBO nets","No IRS","IPTi","Nigeria"
"South South","Edo","Igueben",0,NA,"Case management","IPTp","No SMC","LLINs","No PBO nets","No IRS","IPTi","Nigeria"
"South South","Edo","Ikpoba-Okha",1,"Benin City","Case management","IPTp","No SMC","Urban Areas (>1M population)","No PBO nets","No IRS","IPTi","Nigeria"
"South South","Edo","Oredo",1,"Benin City","Case management","IPTp","No SMC","Urban Areas (>1M population)","No PBO nets","No IRS","IPTi","Nigeria"
"South South","Edo","Orhionmwon",0,NA,"Case management","IPTp","No SMC","LLINs","No PBO nets","No IRS","IPTi","Nigeria"
"South South","Edo","Ovia North East",0,NA,"Case management","IPTp","No SMC","LLINs","No PBO nets","No IRS","IPTi","Nigeria"
"South South","Edo","Ovia South West",0,NA,"Case management","IPTp","No SMC","LLINs","No PBO nets","No IRS","IPTi","Nigeria"
"South South","Edo","Owan East",0,NA,"Case management","IPTp","No SMC","LLINs","No PBO nets","No IRS","IPTi","Nigeria"
"South South","Edo","Owan West",0,NA,"Case management","IPTp","No SMC","LLINs","No PBO nets","No IRS","IPTi","Nigeria"
"South South","Edo","Uhunmwonde",0,NA,"Case management","IPTp","No SMC","LLINs","No PBO nets","No IRS","IPTi","Nigeria"
"South West","Ekiti","Ado Ekiti",0,NA,"Case management","IPTp","No SMC","LLINs","No PBO nets","No IRS","IPTi","Nigeria"
"South West","Ekiti","Efon-Alayee",0,NA,"Case management","IPTp","No SMC","LLINs","No PBO nets","No IRS","IPTi","Nigeria"
"South West","Ekiti","Ekiti East",0,NA,"Case management","IPTp","No SMC","LLINs","No PBO nets","No IRS","IPTi","Nigeria"
"South West","Ekiti","Ekiti South West",0,NA,"Case management","IPTp","No SMC","LLINs","No PBO nets","No IRS","IPTi","Nigeria"
"South West","Ekiti","Ekiti West",0,NA,"Case management","IPTp","No SMC","LLINs","No PBO nets","No IRS","IPTi","Nigeria"
"South West","Ekiti","Emure",0,NA,"Case management","IPTp","No SMC","LLINs","No PBO nets","No IRS","IPTi","Nigeria"
"South West","Ekiti","Gboyin",0,NA,"Case management","IPTp","No SMC","LLINs","No PBO nets","No IRS","IPTi","Nigeria"
"South West","Ekiti","Idosi-Osi",0,NA,"Case management","IPTp","No SMC","LLINs","No PBO nets","No IRS","IPTi","Nigeria"
"South West","Ekiti","Ijero",0,NA,"Case management","IPTp","No SMC","LLINs","No PBO nets","No IRS","IPTi","Nigeria"
"South West","Ekiti","Ikere",0,NA,"Case management","IPTp","No SMC","LLINs","No PBO nets","No IRS","IPTi","Nigeria"
"South West","Ekiti","Ikole",0,NA,"Case management","IPTp","No SMC","LLINs","No PBO nets","No IRS","IPTi","Nigeria"
"South West","Ekiti","Ilemeji",0,NA,"Case management","IPTp","No SMC","LLINs","No PBO nets","No IRS","IPTi","Nigeria"
"South West","Ekiti","Irepodun/Ifelodun",0,NA,"Case management","IPTp","No SMC","LLINs","No PBO nets","No IRS","IPTi","Nigeria"
"South West","Ekiti","Ise/Orun",0,NA,"Case management","IPTp","No SMC","LLINs","No PBO nets","No IRS","IPTi","Nigeria"
"South West","Ekiti","Moba",0,NA,"Case management","IPTp","No SMC","LLINs","No PBO nets","No IRS","IPTi","Nigeria"
"South West","Ekiti","Oye",0,NA,"Case management","IPTp","No SMC","LLINs","No PBO nets","No IRS","IPTi","Nigeria"
"South East","Enugu","Aninri",0,NA,"Case management","IPTp","No SMC","LLINs","No PBO nets","No IRS","IPTi","Nigeria"
"South East","Enugu","Awgu",0,NA,"Case management","IPTp","No SMC","LLINs","No PBO nets","No IRS","IPTi","Nigeria"
"South East","Enugu","Enugu East",1,"Enugu","Case management","IPTp","No SMC","Urban Areas (>1M population)","No PBO nets","No IRS","IPTi","Nigeria"
"South East","Enugu","Enugu North",1,"Enugu","Case management","IPTp","No SMC","Urban Areas (>1M population)","No PBO nets","No IRS","IPTi","Nigeria"
"South East","Enugu","Enugu South",1,"Enugu","Case management","IPTp","No SMC","Urban Areas (>1M population)","No PBO nets","No IRS","IPTi","Nigeria"
"South East","Enugu","Ezeagu",0,NA,"Case management","IPTp","No SMC","LLINs","No PBO nets","No IRS","IPTi","Nigeria"
"South East","Enugu","Igbo-Etiti",0,NA,"Case management","IPTp","No SMC","LLINs","No PBO nets","No IRS","IPTi","Nigeria"
"South East","Enugu","Igbo-Eze North",0,NA,"Case management","IPTp","No SMC","LLINs","No PBO nets","No IRS","IPTi","Nigeria"
"South East","Enugu","Igbo-Eze South",0,NA,"Case management","IPTp","No SMC","LLINs","No PBO nets","No IRS","IPTi","Nigeria"
"South East","Enugu","Isi-Uzo",0,NA,"Case management","IPTp","No SMC","LLINs","No PBO nets","No IRS","IPTi","Nigeria"
"South East","Enugu","Nkanu East",0,NA,"Case management","IPTp","No SMC","LLINs","No PBO nets","No IRS","IPTi","Nigeria"
"South East","Enugu","Nkanu West",0,NA,"Case management","IPTp","No SMC","LLINs","No PBO nets","No IRS","IPTi","Nigeria"
"South East","Enugu","Nsukka",0,NA,"Case management","IPTp","No SMC","LLINs","No PBO nets","No IRS","IPTi","Nigeria"
"South East","Enugu","Oji-River",0,NA,"Case management","IPTp","No SMC","LLINs","No PBO nets","No IRS","IPTi","Nigeria"
"South East","Enugu","Udenu",0,NA,"Case management","IPTp","No SMC","LLINs","No PBO nets","No IRS","IPTi","Nigeria"
"South East","Enugu","Udi",0,NA,"Case management","IPTp","No SMC","LLINs","No PBO nets","No IRS","IPTi","Nigeria"
"South East","Enugu","Uzo-Uwani",0,NA,"Case management","IPTp","No SMC","LLINs","No PBO nets","No IRS","IPTi","Nigeria"
"North Central","Federal Capital Territory","Abaji",0,NA,"Case management","IPTp","SMC","LLINs","No PBO nets","No IRS","No IPTi","Nigeria"
"North Central","Federal Capital Territory","Abuja Municipal",1,"Abuja","Case management","IPTp","SMC","No LLINs","No PBO nets","IRS","No IPTi","Nigeria"
"North Central","Federal Capital Territory","Bwari",0,NA,"Case management","IPTp","SMC","No LLINs","No PBO nets","IRS","No IPTi","Nigeria"
"North Central","Federal Capital Territory","Gwagwalada",0,NA,"Case management","IPTp","SMC","No LLINs","No PBO nets","IRS","No IPTi","Nigeria"
"North Central","Federal Capital Territory","Kuje",0,NA,"Case management","IPTp","SMC","No LLINs","No PBO nets","IRS","No IPTi","Nigeria"
"North Central","Federal Capital Territory","Kwali",0,NA,"Case management","IPTp","SMC","LLINs","No PBO nets","No IRS","No IPTi","Nigeria"
"North East","Gombe","Akko",0,NA,"Case management","IPTp","SMC","No LLINs","No PBO nets","IRS","No IPTi","Nigeria"
"North East","Gombe","Balanga",0,NA,"Case management","IPTp","SMC","No LLINs","No PBO nets","IRS","No IPTi","Nigeria"
"North East","Gombe","Billiri",0,NA,"Case management","IPTp","SMC","No LLINs","No PBO nets","IRS","No IPTi","Nigeria"
"North East","Gombe","Dukku",0,NA,"Case management","IPTp","SMC","No LLINs","No PBO nets","IRS","No IPTi","Nigeria"
"North East","Gombe","Funakaye",0,NA,"Case management","IPTp","SMC","No LLINs","No PBO nets","IRS","No IPTi","Nigeria"
"North East","Gombe","Gombe",0,NA,"Case management","IPTp","SMC","No LLINs","No PBO nets","IRS","No IPTi","Nigeria"
"North East","Gombe","Kaltungo",0,NA,"Case management","IPTp","SMC","No LLINs","No PBO nets","IRS","No IPTi","Nigeria"
"North East","Gombe","Kwami",0,NA,"Case management","IPTp","SMC","No LLINs","No PBO nets","IRS","No IPTi","Nigeria"
"North East","Gombe","Nafada",0,NA,"Case management","IPTp","SMC","LLINs","No PBO nets","No IRS","No IPTi","Nigeria"
"North East","Gombe","Shomgom",0,NA,"Case management","IPTp","SMC","No LLINs","No PBO nets","IRS","No IPTi","Nigeria"
"North East","Gombe","Yamaltu/Deba",0,NA,"Case management","IPTp","SMC","No LLINs","No PBO nets","IRS","No IPTi","Nigeria"
"South East","Imo","Aboh-Mbaise",0,NA,"Case management","IPTp","No SMC","LLINs","No PBO nets","No IRS","IPTi","Nigeria"
"South East","Imo","Ahiazu-Mbaise",0,NA,"Case management","IPTp","No SMC","LLINs","No PBO nets","No IRS","IPTi","Nigeria"
"South East","Imo","Ehime-Mbano",0,NA,"Case management","IPTp","No SMC","LLINs","No PBO nets","No IRS","IPTi","Nigeria"
"South East","Imo","Ezinihitte",0,NA,"Case management","IPTp","No SMC","LLINs","No PBO nets","No IRS","IPTi","Nigeria"
"South East","Imo","Ideato North",0,NA,"Case management","IPTp","No SMC","LLINs","No PBO nets","No IRS","IPTi","Nigeria"
"South East","Imo","Ideato South",0,NA,"Case management","IPTp","No SMC","LLINs","No PBO nets","No IRS","IPTi","Nigeria"
"South East","Imo","Ihitte/Uboma",0,NA,"Case management","IPTp","No SMC","LLINs","No PBO nets","No IRS","IPTi","Nigeria"
"South East","Imo","Ikeduru",0,NA,"Case management","IPTp","No SMC","LLINs","No PBO nets","No IRS","IPTi","Nigeria"
"South East","Imo","Isiala Mbano",0,NA,"Case management","IPTp","No SMC","LLINs","No PBO nets","No IRS","IPTi","Nigeria"
"South East","Imo","Isu",0,NA,"Case management","IPTp","No SMC","LLINs","No PBO nets","No IRS","IPTi","Nigeria"
"South East","Imo","Mbaitoli",0,NA,"Case management","IPTp","No SMC","LLINs","No PBO nets","No IRS","IPTi","Nigeria"
"South East","Imo","Ngor-Okpala",0,NA,"Case management","IPTp","No SMC","LLINs","No PBO nets","No IRS","IPTi","Nigeria"
"South East","Imo","Njaba",0,NA,"Case management","IPTp","No SMC","LLINs","No PBO nets","No IRS","IPTi","Nigeria"
"South East","Imo","Nkwerre",0,NA,"Case management","IPTp","No SMC","LLINs","No PBO nets","No IRS","IPTi","Nigeria"
"South East","Imo","Nwangele",0,NA,"Case management","IPTp","No SMC","LLINs","No PBO nets","No IRS","IPTi","Nigeria"
"South East","Imo","Obowo",0,NA,"Case management","IPTp","No SMC","LLINs","No PBO nets","No IRS","IPTi","Nigeria"
"South East","Imo","Oguta",0,NA,"Case management","IPTp","No SMC","LLINs","No PBO nets","No IRS","IPTi","Nigeria"
"South East","Imo","Ohaji/Egbema",0,NA,"Case management","IPTp","No SMC","LLINs","No PBO nets","No IRS","IPTi","Nigeria"
"South East","Imo","Okigwe",0,NA,"Case management","IPTp","No SMC","LLINs","No PBO nets","No IRS","IPTi","Nigeria"
"South East","Imo","Orlu",0,NA,"Case management","IPTp","No SMC","LLINs","No PBO nets","No IRS","IPTi","Nigeria"
"South East","Imo","Orsu",0,NA,"Case management","IPTp","No SMC","LLINs","No PBO nets","No IRS","IPTi","Nigeria"
"South East","Imo","Oru East",0,NA,"Case management","IPTp","No SMC","LLINs","No PBO nets","No IRS","IPTi","Nigeria"
"South East","Imo","Oru West",0,NA,"Case management","IPTp","No SMC","LLINs","No PBO nets","No IRS","IPTi","Nigeria"
"South East","Imo","Owerri North",0,NA,"Case management","IPTp","No SMC","LLINs","No PBO nets","No IRS","IPTi","Nigeria"
"South East","Imo","Owerri West",0,NA,"Case management","IPTp","No SMC","LLINs","No PBO nets","No IRS","IPTi","Nigeria"
"South East","Imo","Owerri-Municipal",0,NA,"Case management","IPTp","No SMC","LLINs","No PBO nets","No IRS","IPTi","Nigeria"
"South East","Imo","Unuimo",0,NA,"Case management","IPTp","No SMC","LLINs","No PBO nets","No IRS","IPTi","Nigeria"
"North West","Jigawa","Auyo",0,NA,"Case management","IPTp","SMC","No LLINs","No PBO nets","IRS","No IPTi","Nigeria"
"North West","Jigawa","Babura",0,NA,"Case management","IPTp","SMC","No LLINs","No PBO nets","IRS","No IPTi","Nigeria"
"North West","Jigawa","Biriniwa",0,NA,"Case management","IPTp","SMC","LLINs","No PBO nets","No IRS","No IPTi","Nigeria"
"North West","Jigawa","Birni Kudu",0,NA,"Case management","IPTp","SMC","No LLINs","No PBO nets","IRS","No IPTi","Nigeria"
"North West","Jigawa","Buji",0,NA,"Case management","IPTp","SMC","No LLINs","No PBO nets","IRS","No IPTi","Nigeria"
"North West","Jigawa","Dutse",0,NA,"Case management","IPTp","SMC","No LLINs","No PBO nets","IRS","No IPTi","Nigeria"
"North West","Jigawa","Gagarawa",0,NA,"Case management","IPTp","SMC","No LLINs","No PBO nets","IRS","No IPTi","Nigeria"
"North West","Jigawa","Garki",0,NA,"Case management","IPTp","SMC","No LLINs","No PBO nets","IRS","No IPTi","Nigeria"
"North West","Jigawa","Gumel",0,NA,"Case management","IPTp","SMC","No LLINs","No PBO nets","IRS","No IPTi","Nigeria"
"North West","Jigawa","Guri",0,NA,"Case management","IPTp","SMC","LLINs","No PBO nets","No IRS","No IPTi","Nigeria"
"North West","Jigawa","Gwaram",0,NA,"Case management","IPTp","SMC","No LLINs","No PBO nets","IRS","No IPTi","Nigeria"
"North West","Jigawa","Gwiwa",0,NA,"Case management","IPTp","SMC","No LLINs","No PBO nets","IRS","No IPTi","Nigeria"
"North West","Jigawa","Hadejia",0,NA,"Case management","IPTp","SMC","No LLINs","No PBO nets","IRS","No IPTi","Nigeria"
"North West","Jigawa","Jahun",0,NA,"Case management","IPTp","SMC","No LLINs","No PBO nets","IRS","No IPTi","Nigeria"
"North West","Jigawa","Kafin Hausa",0,NA,"Case management","IPTp","SMC","No LLINs","No PBO nets","IRS","No IPTi","Nigeria"
"North West","Jigawa","Kaugama",0,NA,"Case management","IPTp","SMC","LLINs","No PBO nets","No IRS","No IPTi","Nigeria"
"North West","Jigawa","Kazaure",0,NA,"Case management","IPTp","SMC","LLINs","No PBO nets","No IRS","No IPTi","Nigeria"
"North West","Jigawa","Kiri Kasamma",0,NA,"Case management","IPTp","SMC","LLINs","No PBO nets","No IRS","No IPTi","Nigeria"
"North West","Jigawa","Maigatari",0,NA,"Case management","IPTp","SMC","No LLINs","No PBO nets","IRS","No IPTi","Nigeria"
"North West","Jigawa","Malam Madori",0,NA,"Case management","IPTp","SMC","No LLINs","No PBO nets","IRS","No IPTi","Nigeria"
"North West","Jigawa","Miga",0,NA,"Case management","IPTp","SMC","No LLINs","No PBO nets","IRS","No IPTi","Nigeria"
"North West","Jigawa","Ringim",0,NA,"Case management","IPTp","SMC","No LLINs","No PBO nets","IRS","No IPTi","Nigeria"
"North West","Jigawa","Roni",0,NA,"Case management","IPTp","SMC","No LLINs","No PBO nets","IRS","No IPTi","Nigeria"
"North West","Jigawa","Sule-Tankarkar",0,NA,"Case management","IPTp","SMC","No LLINs","No PBO nets","IRS","No IPTi","Nigeria"
"North West","Jigawa","Taura",0,NA,"Case management","IPTp","SMC","No LLINs","No PBO nets","IRS","No IPTi","Nigeria"
"North West","Jigawa","Yankwashi",0,NA,"Case management","IPTp","SMC","No LLINs","No PBO nets","IRS","No IPTi","Nigeria"
"North West","Jigawa","kiyawa",0,NA,"Case management","IPTp","SMC","No LLINs","No PBO nets","IRS","No IPTi","Nigeria"
"North West","Kaduna","Birnin-Gwari",0,NA,"Case management","IPTp","SMC","No LLINs","No PBO nets","IRS","No IPTi","Nigeria"
"North West","Kaduna","Chikun",1,"Kaduna","Case management","IPTp","SMC","No LLINs","No PBO nets","IRS","No IPTi","Nigeria"
"North West","Kaduna","Giwa",0,NA,"Case management","IPTp","SMC","No LLINs","No PBO nets","IRS","No IPTi","Nigeria"
"North West","Kaduna","Igabi",0,NA,"Case management","IPTp","SMC","LLINs","No PBO nets","No IRS","No IPTi","Nigeria"
"North West","Kaduna","Ikara",0,NA,"Case management","IPTp","SMC","No LLINs","No PBO nets","IRS","No IPTi","Nigeria"
"North West","Kaduna","Jaba",0,NA,"Case management","IPTp","SMC","No LLINs","No PBO nets","IRS","No IPTi","Nigeria"
"North West","Kaduna","Jema'a",0,NA,"Case management","IPTp","SMC","No LLINs","No PBO nets","IRS","No IPTi","Nigeria"
"North West","Kaduna","Kachia",0,NA,"Case management","IPTp","SMC","No LLINs","No PBO nets","IRS","No IPTi","Nigeria"
"North West","Kaduna","Kaduna North",1,"Kaduna","Case management","IPTp","SMC","Urban Areas (>1M population)","No PBO nets","No IRS","No IPTi","Nigeria"
"North West","Kaduna","Kaduna South",1,"Kaduna","Case management","IPTp","SMC","No LLINs","No PBO nets","IRS","No IPTi","Nigeria"
"North West","Kaduna","Kagarko",0,NA,"Case management","IPTp","SMC","No LLINs","No PBO nets","IRS","No IPTi","Nigeria"
"North West","Kaduna","Kajuru",0,NA,"Case management","IPTp","SMC","LLINs","No PBO nets","No IRS","No IPTi","Nigeria"
"North West","Kaduna","Kaura",0,NA,"Case management","IPTp","SMC","No LLINs","No PBO nets","IRS","No IPTi","Nigeria"
"North West","Kaduna","Kauru",0,NA,"Case management","IPTp","SMC","No LLINs","No PBO nets","IRS","No IPTi","Nigeria"
"North West","Kaduna","Kubau",0,NA,"Case management","IPTp","SMC","No LLINs","No PBO nets","IRS","No IPTi","Nigeria"
"North West","Kaduna","Kudan",0,NA,"Case management","IPTp","SMC","No LLINs","No PBO nets","IRS","No IPTi","Nigeria"
"North West","Kaduna","Lere",0,NA,"Case management","IPTp","SMC","No LLINs","No PBO nets","IRS","No IPTi","Nigeria"
"North West","Kaduna","Markafi",0,NA,"Case management","IPTp","SMC","No LLINs","No PBO nets","IRS","No IPTi","Nigeria"
"North West","Kaduna","Sabon-Gari",1,"Zaria","Case management","IPTp","SMC","No LLINs","No PBO nets","IRS","No IPTi","Nigeria"
"North West","Kaduna","Sanga",0,NA,"Case management","IPTp","SMC","No LLINs","No PBO nets","IRS","No IPTi","Nigeria"
"North West","Kaduna","Soba",0,NA,"Case management","IPTp","SMC","No LLINs","No PBO nets","IRS","No IPTi","Nigeria"
"North West","Kaduna","Zango-Kataf",0,NA,"Case management","IPTp","SMC","LLINs","No PBO nets","No IRS","No IPTi","Nigeria"
"North West","Kaduna","Zaria",1,"Zaria","Case management","IPTp","SMC","No LLINs","No PBO nets","IRS","No IPTi","Nigeria"
"North West","Kano","Ajingi",0,NA,"Case management","IPTp","SMC","No LLINs","No PBO nets","IRS","No IPTi","Nigeria"
"North West","Kano","Albasu",0,NA,"Case management","IPTp","SMC","LLINs","No PBO nets","No IRS","No IPTi","Nigeria"
"North West","Kano","Bagwai",0,NA,"Case management","IPTp","SMC","No LLINs","No PBO nets","IRS","No IPTi","Nigeria"
"North West","Kano","Bebeji",0,NA,"Case management","IPTp","SMC","No LLINs","No PBO nets","IRS","No IPTi","Nigeria"
"North West","Kano","Bichi",0,NA,"Case management","IPTp","SMC","No LLINs","No PBO nets","IRS","No IPTi","Nigeria"
"North West","Kano","Bunkure",0,NA,"Case management","IPTp","SMC","LLINs","No PBO nets","No IRS","No IPTi","Nigeria"
"North West","Kano","Dala",1,"Kano","Case management","IPTp","SMC","Urban Areas (>1M population)","No PBO nets","No IRS","No IPTi","Nigeria"
"North West","Kano","Dambatta",0,NA,"Case management","IPTp","SMC","No LLINs","No PBO nets","IRS","No IPTi","Nigeria"
"North West","Kano","Dawakin Kudu",0,NA,"Case management","IPTp","SMC","No LLINs","No PBO nets","IRS","No IPTi","Nigeria"
"North West","Kano","Dawakin Tofa",0,NA,"Case management","IPTp","SMC","No LLINs","No PBO nets","IRS","No IPTi","Nigeria"
"North West","Kano","Doguwa",0,NA,"Case management","IPTp","SMC","No LLINs","No PBO nets","IRS","No IPTi","Nigeria"
"North West","Kano","Fagge",1,"Kano","Case management","IPTp","SMC","No LLINs","No PBO nets","IRS","No IPTi","Nigeria"
"North West","Kano","Gabasawa",0,NA,"Case management","IPTp","SMC","No LLINs","No PBO nets","IRS","No IPTi","Nigeria"
"North West","Kano","Garko",0,NA,"Case management","IPTp","SMC","No LLINs","No PBO nets","IRS","No IPTi","Nigeria"
"North West","Kano","Garum Mallam",0,NA,"Case management","IPTp","SMC","No LLINs","No PBO nets","IRS","No IPTi","Nigeria"
"North West","Kano","Gaya",0,NA,"Case management","IPTp","SMC","No LLINs","No PBO nets","IRS","No IPTi","Nigeria"
"North West","Kano","Gezawa",0,NA,"Case management","IPTp","SMC","LLINs","No PBO nets","No IRS","No IPTi","Nigeria"
"North West","Kano","Gwale",1,"Kano","Case management","IPTp","SMC","No LLINs","No PBO nets","IRS","No IPTi","Nigeria"
"North West","Kano","Gwarzo",0,NA,"Case management","IPTp","SMC","No LLINs","No PBO nets","IRS","No IPTi","Nigeria"
"North West","Kano","Kabo",0,NA,"Case management","IPTp","SMC","No LLINs","No PBO nets","IRS","No IPTi","Nigeria"
"North West","Kano","Kano Municipal",1,"Kano","Case management","IPTp","SMC","Urban Areas (>1M population)","No PBO nets","No IRS","No IPTi","Nigeria"
"North West","Kano","Karaye",0,NA,"Case management","IPTp","SMC","No LLINs","No PBO nets","IRS","No IPTi","Nigeria"
"North West","Kano","Kibiya",0,NA,"Case management","IPTp","SMC","No LLINs","No PBO nets","IRS","No IPTi","Nigeria"
"North West","Kano","Kiru",0,NA,"Case management","IPTp","SMC","LLINs","No PBO nets","No IRS","No IPTi","Nigeria"
"North West","Kano","Kumbotso",0,NA,"Case management","IPTp","SMC","LLINs","No PBO nets","No IRS","No IPTi","Nigeria"
"North West","Kano","Kunchi",0,NA,"Case management","IPTp","SMC","No LLINs","No PBO nets","IRS","No IPTi","Nigeria"
"North West","Kano","Kura",0,NA,"Case management","IPTp","SMC","LLINs","No PBO nets","No IRS","No IPTi","Nigeria"
"North West","Kano","Madobi",0,NA,"Case management","IPTp","SMC","No LLINs","No PBO nets","IRS","No IPTi","Nigeria"
"North West","Kano","Makoda",0,NA,"Case management","IPTp","SMC","LLINs","No PBO nets","No IRS","No IPTi","Nigeria"
"North West","Kano","Minjibir",0,NA,"Case management","IPTp","SMC","No LLINs","No PBO nets","IRS","No IPTi","Nigeria"
"North West","Kano","Nasarawa1",1,"Kano","Case management","IPTp","SMC","Urban Areas (>1M population)","No PBO nets","No IRS","No IPTi","Nigeria"
"North West","Kano","Rano",0,NA,"Case management","IPTp","SMC","No LLINs","No PBO nets","IRS","No IPTi","Nigeria"
"North West","Kano","Rimin Gado",0,NA,"Case management","IPTp","SMC","No LLINs","No PBO nets","IRS","No IPTi","Nigeria"
"North West","Kano","Rogo",0,NA,"Case management","IPTp","SMC","LLINs","No PBO nets","No IRS","No IPTi","Nigeria"
"North West","Kano","Shanono",0,NA,"Case management","IPTp","SMC","No LLINs","No PBO nets","IRS","No IPTi","Nigeria"
"North West","Kano","Sumaila",0,NA,"Case management","IPTp","SMC","No LLINs","No PBO nets","IRS","No IPTi","Nigeria"
"North West","Kano","Takali",0,NA,"Case management","IPTp","SMC","No LLINs","No PBO nets","IRS","No IPTi","Nigeria"
"North West","Kano","Tarauni",1,"Kano","Case management","IPTp","SMC","No LLINs","No PBO nets","IRS","No IPTi","Nigeria"
"North West","Kano","Tofa",0,NA,"Case management","IPTp","SMC","No LLINs","No PBO nets","IRS","No IPTi","Nigeria"
"North West","Kano","Tsanyawa",0,NA,"Case management","IPTp","SMC","No LLINs","No PBO nets","IRS","No IPTi","Nigeria"
"North West","Kano","Tudun Wada",0,NA,"Case management","IPTp","SMC","No LLINs","No PBO nets","IRS","No IPTi","Nigeria"
"North West","Kano","Ungogo",1,"Kano","Case management","IPTp","SMC","No LLINs","No PBO nets","IRS","No IPTi","Nigeria"
"North West","Kano","Warawa",0,NA,"Case management","IPTp","SMC","LLINs","No PBO nets","No IRS","No IPTi","Nigeria"
"North West","Kano","Wudil",0,NA,"Case management","IPTp","SMC","No LLINs","No PBO nets","IRS","No IPTi","Nigeria"
"North West","Katsina","Bakori",0,NA,"Case management","IPTp","SMC","No LLINs","No PBO nets","IRS","No IPTi","Nigeria"
"North West","Katsina","Batagarawa",0,NA,"Case management","IPTp","SMC","No LLINs","No PBO nets","IRS","No IPTi","Nigeria"
"North West","Katsina","Batsari",0,NA,"Case management","IPTp","SMC","No LLINs","No PBO nets","IRS","No IPTi","Nigeria"
"North West","Katsina","Baure",0,NA,"Case management","IPTp","SMC","No LLINs","No PBO nets","IRS","No IPTi","Nigeria"
"North West","Katsina","Bindawa",0,NA,"Case management","IPTp","SMC","No LLINs","No PBO nets","IRS","No IPTi","Nigeria"
"North West","Katsina","Charanchi",0,NA,"Case management","IPTp","SMC","No LLINs","No PBO nets","IRS","No IPTi","Nigeria"
"North West","Katsina","Dan Musa",0,NA,"Case management","IPTp","SMC","No LLINs","No PBO nets","IRS","No IPTi","Nigeria"
"North West","Katsina","Dandume",0,NA,"Case management","IPTp","SMC","No LLINs","No PBO nets","IRS","No IPTi","Nigeria"
"North West","Katsina","Danja",0,NA,"Case management","IPTp","SMC","No LLINs","No PBO nets","IRS","No IPTi","Nigeria"
"North West","Katsina","Daura",0,NA,"Case management","IPTp","SMC","No LLINs","No PBO nets","IRS","No IPTi","Nigeria"
"North West","Katsina","Dutsi",0,NA,"Case management","IPTp","SMC","No LLINs","No PBO nets","IRS","No IPTi","Nigeria"
"North West","Katsina","Dutsin-Ma",0,NA,"Case management","IPTp","SMC","No LLINs","No PBO nets","IRS","No IPTi","Nigeria"
"North West","Katsina","Faskari",0,NA,"Case management","IPTp","SMC","No LLINs","No PBO nets","IRS","No IPTi","Nigeria"
"North West","Katsina","Funtua",0,NA,"Case management","IPTp","SMC","No LLINs","No PBO nets","IRS","No IPTi","Nigeria"
"North West","Katsina","Ingawa",0,NA,"Case management","IPTp","SMC","No LLINs","No PBO nets","IRS","No IPTi","Nigeria"
"North West","Katsina","Jibia",0,NA,"Case management","IPTp","SMC","No LLINs","No PBO nets","IRS","No IPTi","Nigeria"
"North West","Katsina","Kafur",0,NA,"Case management","IPTp","SMC","No LLINs","No PBO nets","IRS","No IPTi","Nigeria"
"North West","Katsina","Kankara",0,NA,"Case management","IPTp","SMC","No LLINs","No PBO nets","IRS","No IPTi","Nigeria"
"North West","Katsina","Kankia",0,NA,"Case management","IPTp","SMC","No LLINs","No PBO nets","IRS","No IPTi","Nigeria"
"North West","Katsina","Katsina",0,NA,"Case management","IPTp","SMC","LLINs","No PBO nets","No IRS","No IPTi","Nigeria"
"North West","Katsina","Kurfi",0,NA,"Case management","IPTp","SMC","No LLINs","No PBO nets","IRS","No IPTi","Nigeria"
"North West","Katsina","Kusada",0,NA,"Case management","IPTp","SMC","No LLINs","No PBO nets","IRS","No IPTi","Nigeria"
"North West","Katsina","Mai'Adua",0,NA,"Case management","IPTp","SMC","No LLINs","No PBO nets","IRS","No IPTi","Nigeria"
"North West","Katsina","Malumfashi",0,NA,"Case management","IPTp","SMC","No LLINs","No PBO nets","IRS","No IPTi","Nigeria"
"North West","Katsina","Mani",0,NA,"Case management","IPTp","SMC","No LLINs","No PBO nets","IRS","No IPTi","Nigeria"
"North West","Katsina","Mashi",0,NA,"Case management","IPTp","SMC","No LLINs","No PBO nets","IRS","No IPTi","Nigeria"
"North West","Katsina","Matazuu",0,NA,"Case management","IPTp","SMC","No LLINs","No PBO nets","IRS","No IPTi","Nigeria"
"North West","Katsina","Musawa",0,NA,"Case management","IPTp","SMC","No LLINs","No PBO nets","IRS","No IPTi","Nigeria"
"North West","Katsina","Rimi",0,NA,"Case management","IPTp","SMC","No LLINs","No PBO nets","IRS","No IPTi","Nigeria"
"North West","Katsina","Sabuwa",0,NA,"Case management","IPTp","SMC","No LLINs","No PBO nets","IRS","No IPTi","Nigeria"
"North West","Katsina","Safana",0,NA,"Case management","IPTp","SMC","No LLINs","No PBO nets","IRS","No IPTi","Nigeria"
"North West","Katsina","Sandamu",0,NA,"Case management","IPTp","SMC","No LLINs","No PBO nets","IRS","No IPTi","Nigeria"
"North West","Katsina","Zango",0,NA,"Case management","IPTp","SMC","No LLINs","No PBO nets","IRS","No IPTi","Nigeria"
"North West","Katsina","kaita",0,NA,"Case management","IPTp","SMC","No LLINs","No PBO nets","IRS","No IPTi","Nigeria"
"North West","Kebbi","Aleiro",0,NA,"Case management","IPTp","SMC","LLINs","No PBO nets","No IRS","No IPTi","Nigeria"
"North West","Kebbi","Arewa-Dandi",0,NA,"Case management","IPTp","SMC","LLINs","No PBO nets","No IRS","No IPTi","Nigeria"
"North West","Kebbi","Argungu",0,NA,"Case management","IPTp","SMC","LLINs","No PBO nets","No IRS","No IPTi","Nigeria"
"North West","Kebbi","Augie",0,NA,"Case management","IPTp","SMC","LLINs","No PBO nets","No IRS","No IPTi","Nigeria"
"North West","Kebbi","Bagudo",0,NA,"Case management","IPTp","SMC","No LLINs","No PBO nets","IRS","No IPTi","Nigeria"
"North West","Kebbi","Birnin Kebbi",0,NA,"Case management","IPTp","SMC","LLINs","No PBO nets","No IRS","No IPTi","Nigeria"
"North West","Kebbi","Bunza",0,NA,"Case management","IPTp","SMC","LLINs","No PBO nets","No IRS","No IPTi","Nigeria"
"North West","Kebbi","Dandi",0,NA,"Case management","IPTp","SMC","No LLINs","No PBO nets","IRS","No IPTi","Nigeria"
"North West","Kebbi","Fakai",0,NA,"Case management","IPTp","SMC","No LLINs","No PBO nets","IRS","No IPTi","Nigeria"
"North West","Kebbi","Gwandu",0,NA,"Case management","IPTp","SMC","LLINs","No PBO nets","No IRS","No IPTi","Nigeria"
"North West","Kebbi","Jega",0,NA,"Case management","IPTp","SMC","No LLINs","No PBO nets","IRS","No IPTi","Nigeria"
"North West","Kebbi","Kalgo",0,NA,"Case management","IPTp","SMC","LLINs","No PBO nets","No IRS","No IPTi","Nigeria"
"North West","Kebbi","Koko/Besse",0,NA,"Case management","IPTp","SMC","LLINs","No PBO nets","No IRS","No IPTi","Nigeria"
"North West","Kebbi","Maiyama",0,NA,"Case management","IPTp","SMC","No LLINs","No PBO nets","IRS","No IPTi","Nigeria"
"North West","Kebbi","Ngaski",0,NA,"Case management","IPTp","SMC","No LLINs","No PBO nets","IRS","No IPTi","Nigeria"
"North West","Kebbi","Sakaba",0,NA,"Case management","IPTp","SMC","No LLINs","No PBO nets","IRS","No IPTi","Nigeria"
"North West","Kebbi","Shanga",0,NA,"Case management","IPTp","SMC","No LLINs","No PBO nets","IRS","No IPTi","Nigeria"
"North West","Kebbi","Suru",0,NA,"Case management","IPTp","SMC","LLINs","No PBO nets","No IRS","No IPTi","Nigeria"
"North West","Kebbi","Wasagu/Danko",0,NA,"Case management","IPTp","SMC","No LLINs","No PBO nets","IRS","No IPTi","Nigeria"
"North West","Kebbi","Yauri",0,NA,"Case management","IPTp","SMC","No LLINs","No PBO nets","IRS","No IPTi","Nigeria"
"North West","Kebbi","Zuru",0,NA,"Case management","IPTp","SMC","No LLINs","No PBO nets","IRS","No IPTi","Nigeria"
"North Central","Kogi","Adavi",0,NA,"Case management","IPTp","SMC","LLINs","No PBO nets","No IRS","No IPTi","Nigeria"
"North Central","Kogi","Ajaokuta",0,NA,"Case management","IPTp","SMC","No LLINs","No PBO nets","IRS","No IPTi","Nigeria"
"North Central","Kogi","Ankpa",0,NA,"Case management","IPTp","No SMC","LLINs","No PBO nets","No IRS","IPTi","Nigeria"
"North Central","Kogi","Bassa1",0,NA,"Case management","IPTp","SMC","LLINs","No PBO nets","No IRS","No IPTi","Nigeria"
"North Central","Kogi","Dekina",0,NA,"Case management","IPTp","SMC","LLINs","No PBO nets","No IRS","No IPTi","Nigeria"
"North Central","Kogi","Ibaji",0,NA,"Case management","IPTp","No SMC","LLINs","No PBO nets","No IRS","IPTi","Nigeria"
"North Central","Kogi","Idah",0,NA,"Case management","IPTp","No SMC","LLINs","No PBO nets","No IRS","IPTi","Nigeria"
"North Central","Kogi","Igalamela-Odolu",0,NA,"Case management","IPTp","No SMC","LLINs","No PBO nets","No IRS","IPTi","Nigeria"
"North Central","Kogi","Ijumu",0,NA,"Case management","IPTp","No SMC","LLINs","No PBO nets","No IRS","IPTi","Nigeria"
"North Central","Kogi","Kabba/Bunu",0,NA,"Case management","IPTp","SMC","LLINs","No PBO nets","No IRS","No IPTi","Nigeria"
"North Central","Kogi","Kogi",0,NA,"Case management","IPTp","SMC","No LLINs","No PBO nets","IRS","No IPTi","Nigeria"
"North Central","Kogi","Lokoja",0,NA,"Case management","IPTp","SMC","LLINs","No PBO nets","No IRS","No IPTi","Nigeria"
"North Central","Kogi","Mopa-Muro",0,NA,"Case management","IPTp","No SMC","No LLINs","No PBO nets","IRS","IPTi","Nigeria"
"North Central","Kogi","Ofu",0,NA,"Case management","IPTp","No SMC","LLINs","No PBO nets","No IRS","IPTi","Nigeria"
"North Central","Kogi","Ogori/Mangongo",0,NA,"Case management","IPTp","No SMC","LLINs","No PBO nets","No IRS","IPTi","Nigeria"
"North Central","Kogi","Okehi",0,NA,"Case management","IPTp","SMC","LLINs","No PBO nets","No IRS","No IPTi","Nigeria"
"North Central","Kogi","Okene",0,NA,"Case management","IPTp","No SMC","LLINs","No PBO nets","No IRS","IPTi","Nigeria"
"North Central","Kogi","Olamabolo",0,NA,"Case management","IPTp","No SMC","LLINs","No PBO nets","No IRS","IPTi","Nigeria"
"North Central","Kogi","Omala",0,NA,"Case management","IPTp","SMC","LLINs","No PBO nets","No IRS","No IPTi","Nigeria"
"North Central","Kogi","Yagba East",0,NA,"Case management","IPTp","SMC","LLINs","No PBO nets","No IRS","No IPTi","Nigeria"
"North Central","Kogi","Yagba West",0,NA,"Case management","IPTp","SMC","LLINs","No PBO nets","No IRS","No IPTi","Nigeria"
"North Central","Kwara","Asa",0,NA,"Case management","IPTp","No SMC","No LLINs","No PBO nets","IRS","IPTi","Nigeria"
"North Central","Kwara","Baruten",0,NA,"Case management","IPTp","SMC","LLINs","No PBO nets","No IRS","No IPTi","Nigeria"
"North Central","Kwara","Edu",0,NA,"Case management","IPTp","SMC","LLINs","No PBO nets","No IRS","No IPTi","Nigeria"
"North Central","Kwara","Ekiti",0,NA,"Case management","IPTp","No SMC","No LLINs","No PBO nets","IRS","IPTi","Nigeria"
"North Central","Kwara","Ifelodun1",0,NA,"Case management","IPTp","SMC","LLINs","No PBO nets","No IRS","No IPTi","Nigeria"
"North Central","Kwara","Ilorin East",1,"Iilorin","Case management","IPTp","No SMC","Urban Areas (>1M population)","No PBO nets","No IRS","IPTi","Nigeria"
"North Central","Kwara","Ilorin South",0,NA,"Case management","IPTp","No SMC","LLINs","No PBO nets","No IRS","IPTi","Nigeria"
"North Central","Kwara","Ilorin West",1,"Iilorin","Case management","IPTp","No SMC","Urban Areas (>1M population)","No PBO nets","No IRS","IPTi","Nigeria"
"North Central","Kwara","Irepodun1",0,NA,"Case management","IPTp","No SMC","LLINs","No PBO nets","No IRS","IPTi","Nigeria"
"North Central","Kwara","Isin",0,NA,"Case management","IPTp","No SMC","No LLINs","No PBO nets","IRS","IPTi","Nigeria"
"North Central","Kwara","Kaiama",0,NA,"Case management","IPTp","SMC","No LLINs","No PBO nets","IRS","No IPTi","Nigeria"
"North Central","Kwara","Moro",0,NA,"Case management","IPTp","SMC","No LLINs","No PBO nets","IRS","No IPTi","Nigeria"
"North Central","Kwara","Offa",0,NA,"Case management","IPTp","No SMC","No LLINs","No PBO nets","IRS","IPTi","Nigeria"
"North Central","Kwara","Oke-Ero",0,NA,"Case management","IPTp","SMC","No LLINs","No PBO nets","IRS","No IPTi","Nigeria"
"North Central","Kwara","Oyun",0,NA,"Case management","IPTp","No SMC","No LLINs","No PBO nets","IRS","IPTi","Nigeria"
"North Central","Kwara","Pategi",0,NA,"Case management","IPTp","SMC","No LLINs","No PBO nets","IRS","No IPTi","Nigeria"
"South West","Lagos","Agege",1,"Lagos","Case management","IPTp","No SMC","Urban Areas (>1M population)","No PBO nets","No IRS","IPTi","Nigeria"
"South West","Lagos","Ajeromi-Ifelodun",1,"Lagos","Case management","IPTp","No SMC","Urban Areas (>1M population)","No PBO nets","No IRS","No IPTi","Nigeria"
"South West","Lagos","Alimosho",1,"Lagos","Case management","IPTp","No SMC","Urban Areas (>1M population)","No PBO nets","No IRS","IPTi","Nigeria"
"South West","Lagos","Amuwo-Odofin",1,"Lagos","Case management","IPTp","No SMC","Urban Areas (>1M population)","No PBO nets","No IRS","IPTi","Nigeria"
"South West","Lagos","Apapa",1,"Lagos","Case management","IPTp","No SMC","Urban Areas (>1M population)","No PBO nets","No IRS","No IPTi","Nigeria"
"South West","Lagos","Badagry",0,NA,"Case management","IPTp","No SMC","LLINs","No PBO nets","No IRS","IPTi","Nigeria"
"South West","Lagos","Epe",0,NA,"Case management","IPTp","No SMC","LLINs","No PBO nets","No IRS","IPTi","Nigeria"
"South West","Lagos","Eti-Osa",1,"Ikorodu","Case management","IPTp","No SMC","Urban Areas (>1M population)","No PBO nets","No IRS","IPTi","Nigeria"
"South West","Lagos","Ibeju/Lekki",0,NA,"Case management","IPTp","No SMC","No LLINs","No PBO nets","IRS","IPTi","Nigeria"
"South West","Lagos","Ifako-Ijaye",0,NA,"Case management","IPTp","No SMC","LLINs","No PBO nets","No IRS","IPTi","Nigeria"
"South West","Lagos","Ikeja",1,"Lagos","Case management","IPTp","No SMC","Urban Areas (>1M population)","No PBO nets","No IRS","IPTi","Nigeria"
"South West","Lagos","Ikorodu",1,"Ikorodu","Case management","IPTp","No SMC","Urban Areas (>1M population)","No PBO nets","No IRS","IPTi","Nigeria"
"South West","Lagos","Kosofe",1,"Lagos","Case management","IPTp","No SMC","Urban Areas (>1M population)","No PBO nets","No IRS","IPTi","Nigeria"
"South West","Lagos","Lagos Island",1,"Lagos","Case management","IPTp","No SMC","Urban Areas (>1M population)","No PBO nets","No IRS","IPTi","Nigeria"
"South West","Lagos","Lagos Mainland",1,"Lagos","Case management","IPTp","No SMC","No LLINs","No PBO nets","IRS","IPTi","Nigeria"
"South West","Lagos","Mushin",1,"Lagos","Case management","IPTp","No SMC","Urban Areas (>1M population)","No PBO nets","No IRS","No IPTi","Nigeria"
"South West","Lagos","Ojo",0,NA,"Case management","IPTp","No SMC","LLINs","No PBO nets","No IRS","IPTi","Nigeria"
"South West","Lagos","Oshodi-Isolo",1,"Lagos","Case management","IPTp","No SMC","Urban Areas (>1M population)","No PBO nets","No IRS","No IPTi","Nigeria"
"South West","Lagos","Shomolu",1,"Lagos","Case management","IPTp","No SMC","Urban Areas (>1M population)","No PBO nets","No IRS","IPTi","Nigeria"
"South West","Lagos","Surulere1",1,"Lagos","Case management","IPTp","No SMC","Urban Areas (>1M population)","No PBO nets","No IRS","No IPTi","Nigeria"
"North Central","Nasarawa","Akwanga",0,NA,"Case management","IPTp","SMC","No LLINs","No PBO nets","IRS","No IPTi","Nigeria"
"North Central","Nasarawa","Awe",0,NA,"Case management","IPTp","SMC","No LLINs","No PBO nets","IRS","No IPTi","Nigeria"
"North Central","Nasarawa","Doma",0,NA,"Case management","IPTp","SMC","No LLINs","No PBO nets","IRS","No IPTi","Nigeria"
"North Central","Nasarawa","Karu",0,NA,"Case management","IPTp","SMC","No LLINs","No PBO nets","IRS","No IPTi","Nigeria"
"North Central","Nasarawa","Keana",0,NA,"Case management","IPTp","SMC","No LLINs","No PBO nets","IRS","No IPTi","Nigeria"
"North Central","Nasarawa","Keffi",0,NA,"Case management","IPTp","SMC","No LLINs","No PBO nets","IRS","No IPTi","Nigeria"
"North Central","Nasarawa","Kokona",0,NA,"Case management","IPTp","SMC","No LLINs","No PBO nets","IRS","No IPTi","Nigeria"
"North Central","Nasarawa","Lafia",0,NA,"Case management","IPTp","SMC","No LLINs","No PBO nets","IRS","No IPTi","Nigeria"
"North Central","Nasarawa","Nasarawa-Eggon",0,NA,"Case management","IPTp","SMC","No LLINs","No PBO nets","IRS","No IPTi","Nigeria"
"North Central","Nasarawa","Nasarawa2",0,NA,"Case management","IPTp","SMC","No LLINs","No PBO nets","IRS","No IPTi","Nigeria"
"North Central","Nasarawa","Obi2",0,NA,"Case management","IPTp","SMC","No LLINs","No PBO nets","IRS","No IPTi","Nigeria"
"North Central","Nasarawa","Toto",0,NA,"Case management","IPTp","SMC","No LLINs","No PBO nets","IRS","No IPTi","Nigeria"
"North Central","Nasarawa","Wamba",0,NA,"Case management","IPTp","SMC","No LLINs","No PBO nets","IRS","No IPTi","Nigeria"
"North Central","Niger","Agaie",0,NA,"Case management","IPTp","SMC","No LLINs","No PBO nets","IRS","No IPTi","Nigeria"
"North Central","Niger","Agwara",0,NA,"Case management","IPTp","SMC","No LLINs","No PBO nets","IRS","No IPTi","Nigeria"
"North Central","Niger","Bida",0,NA,"Case management","IPTp","SMC","No LLINs","No PBO nets","IRS","No IPTi","Nigeria"
"North Central","Niger","Borgu",0,NA,"Case management","IPTp","SMC","No LLINs","No PBO nets","IRS","No IPTi","Nigeria"
"North Central","Niger","Bosso",0,NA,"Case management","IPTp","SMC","No LLINs","No PBO nets","IRS","No IPTi","Nigeria"
"North Central","Niger","Chanchaga",0,NA,"Case management","IPTp","SMC","No LLINs","No PBO nets","IRS","No IPTi","Nigeria"
"North Central","Niger","Edati",0,NA,"Case management","IPTp","SMC","LLINs","No PBO nets","No IRS","No IPTi","Nigeria"
"North Central","Niger","Gbako",0,NA,"Case management","IPTp","SMC","No LLINs","No PBO nets","IRS","No IPTi","Nigeria"
"North Central","Niger","Gurara",0,NA,"Case management","IPTp","SMC","No LLINs","No PBO nets","IRS","No IPTi","Nigeria"
"North Central","Niger","Katcha",0,NA,"Case management","IPTp","SMC","No LLINs","No PBO nets","IRS","No IPTi","Nigeria"
"North Central","Niger","Kontagora",0,NA,"Case management","IPTp","SMC","No LLINs","No PBO nets","IRS","No IPTi","Nigeria"
"North Central","Niger","Lapai",0,NA,"Case management","IPTp","SMC","No LLINs","No PBO nets","IRS","No IPTi","Nigeria"
"North Central","Niger","Lavun",0,NA,"Case management","IPTp","SMC","No LLINs","No PBO nets","IRS","No IPTi","Nigeria"
"North Central","Niger","Magama",0,NA,"Case management","IPTp","SMC","No LLINs","No PBO nets","IRS","No IPTi","Nigeria"
"North Central","Niger","Mariga",0,NA,"Case management","IPTp","SMC","No LLINs","No PBO nets","IRS","No IPTi","Nigeria"
"North Central","Niger","Mashegu",0,NA,"Case management","IPTp","SMC","No LLINs","No PBO nets","IRS","No IPTi","Nigeria"
"North Central","Niger","Mokwa",0,NA,"Case management","IPTp","SMC","No LLINs","No PBO nets","IRS","No IPTi","Nigeria"
"North Central","Niger","Muya",0,NA,"Case management","IPTp","SMC","No LLINs","No PBO nets","IRS","No IPTi","Nigeria"
"North Central","Niger","Pailoro",0,NA,"Case management","IPTp","SMC","No LLINs","No PBO nets","IRS","No IPTi","Nigeria"
"North Central","Niger","Rafi",0,NA,"Case management","IPTp","SMC","No LLINs","No PBO nets","IRS","No IPTi","Nigeria"
"North Central","Niger","Rijau",0,NA,"Case management","IPTp","SMC","No LLINs","No PBO nets","IRS","No IPTi","Nigeria"
"North Central","Niger","Shiroro",0,NA,"Case management","IPTp","SMC","No LLINs","No PBO nets","IRS","No IPTi","Nigeria"
"North Central","Niger","Suleja",0,NA,"Case management","IPTp","SMC","No LLINs","No PBO nets","IRS","No IPTi","Nigeria"
"North Central","Niger","Tafa",0,NA,"Case management","IPTp","SMC","No LLINs","No PBO nets","IRS","No IPTi","Nigeria"
"North Central","Niger","Wushishi",0,NA,"Case management","IPTp","SMC","No LLINs","No PBO nets","IRS","No IPTi","Nigeria"
"South West","Ogun","Abeokuta North",0,NA,"Case management","IPTp","No SMC","LLINs","No PBO nets","No IRS","IPTi","Nigeria"
"South West","Ogun","Abeokuta South",0,NA,"Case management","IPTp","No SMC","LLINs","No PBO nets","No IRS","IPTi","Nigeria"
"South West","Ogun","Ado-Odo/Ota",0,NA,"Case management","IPTp","No SMC","LLINs","No PBO nets","No IRS","IPTi","Nigeria"
"South West","Ogun","Egbado North",0,NA,"Case management","IPTp","No SMC","No LLINs","No PBO nets","IRS","IPTi","Nigeria"
"South West","Ogun","Egbado South",0,NA,"Case management","IPTp","No SMC","LLINs","No PBO nets","No IRS","IPTi","Nigeria"
"South West","Ogun","Ewekoro",0,NA,"Case management","IPTp","No SMC","LLINs","No PBO nets","No IRS","IPTi","Nigeria"
"South West","Ogun","Ifo",0,NA,"Case management","IPTp","No SMC","LLINs","No PBO nets","No IRS","IPTi","Nigeria"
"South West","Ogun","Ijebu East",0,NA,"Case management","IPTp","No SMC","No LLINs","No PBO nets","IRS","IPTi","Nigeria"
"South West","Ogun","Ijebu North",0,NA,"Case management","IPTp","No SMC","No LLINs","No PBO nets","IRS","IPTi","Nigeria"
"South West","Ogun","Ijebu North East",0,NA,"Case management","IPTp","No SMC","LLINs","No PBO nets","No IRS","IPTi","Nigeria"
"South West","Ogun","Ijebu ode",0,NA,"Case management","IPTp","No SMC","No LLINs","No PBO nets","IRS","IPTi","Nigeria"
"South West","Ogun","Ikenne",0,NA,"Case management","IPTp","No SMC","LLINs","No PBO nets","No IRS","IPTi","Nigeria"
"South West","Ogun","Imeko-Afon",0,NA,"Case management","IPTp","No SMC","LLINs","No PBO nets","No IRS","IPTi","Nigeria"
"South West","Ogun","Ipokia",0,NA,"Case management","IPTp","No SMC","LLINs","No PBO nets","No IRS","IPTi","Nigeria"
"South West","Ogun","Obafemi-Owode",0,NA,"Case management","IPTp","No SMC","LLINs","No PBO nets","No IRS","IPTi","Nigeria"
"South West","Ogun","Odeda",0,NA,"Case management","IPTp","No SMC","No LLINs","No PBO nets","IRS","IPTi","Nigeria"
"South West","Ogun","Odogbolu",0,NA,"Case management","IPTp","No SMC","LLINs","No PBO nets","No IRS","IPTi","Nigeria"
"South West","Ogun","Ogun waterside",0,NA,"Case management","IPTp","No SMC","LLINs","No PBO nets","No IRS","IPTi","Nigeria"
"South West","Ogun","Remo North",0,NA,"Case management","IPTp","No SMC","LLINs","No PBO nets","No IRS","IPTi","Nigeria"
"South West","Ogun","Shagamu",1,"Ikorodu","Case management","IPTp","No SMC","No LLINs","No PBO nets","IRS","IPTi","Nigeria"
"South West","Ondo","Akoko North East",0,NA,"Case management","IPTp","No SMC","LLINs","No PBO nets","No IRS","IPTi","Nigeria"
"South West","Ondo","Akoko North West",0,NA,"Case management","IPTp","No SMC","LLINs","No PBO nets","No IRS","IPTi","Nigeria"
"South West","Ondo","Akoko South East",0,NA,"Case management","IPTp","No SMC","No LLINs","No PBO nets","IRS","IPTi","Nigeria"
"South West","Ondo","Akoko South West",0,NA,"Case management","IPTp","No SMC","LLINs","No PBO nets","No IRS","IPTi","Nigeria"
"South West","Ondo","Akure North",0,NA,"Case management","IPTp","No SMC","LLINs","No PBO nets","No IRS","IPTi","Nigeria"
"South West","Ondo","Akure South",0,NA,"Case management","IPTp","No SMC","LLINs","No PBO nets","No IRS","IPTi","Nigeria"
"South West","Ondo","Ese-Odo",0,NA,"Case management","IPTp","No SMC","LLINs","No PBO nets","No IRS","IPTi","Nigeria"
"South West","Ondo","Idanre",0,NA,"Case management","IPTp","No SMC","LLINs","No PBO nets","No IRS","IPTi","Nigeria"
"South West","Ondo","Ifedore",0,NA,"Case management","IPTp","No SMC","LLINs","No PBO nets","No IRS","IPTi","Nigeria"
"South West","Ondo","Ilaje",0,NA,"Case management","IPTp","No SMC","LLINs","No PBO nets","No IRS","IPTi","Nigeria"
"South West","Ondo","Ile-Oluji-Okeigbo",0,NA,"Case management","IPTp","No SMC","LLINs","No PBO nets","No IRS","IPTi","Nigeria"
"South West","Ondo","Irele",0,NA,"Case management","IPTp","No SMC","LLINs","No PBO nets","No IRS","IPTi","Nigeria"
"South West","Ondo","Odigbo",0,NA,"Case management","IPTp","No SMC","LLINs","No PBO nets","No IRS","IPTi","Nigeria"
"South West","Ondo","Okitipupa",0,NA,"Case management","IPTp","No SMC","LLINs","No PBO nets","No IRS","IPTi","Nigeria"
"South West","Ondo","Ondo East",0,NA,"Case management","IPTp","No SMC","LLINs","No PBO nets","No IRS","IPTi","Nigeria"
"South West","Ondo","Ondo West",0,NA,"Case management","IPTp","No SMC","LLINs","No PBO nets","No IRS","IPTi","Nigeria"
"South West","Ondo","Ose",0,NA,"Case management","IPTp","No SMC","LLINs","No PBO nets","No IRS","IPTi","Nigeria"
"South West","Ondo","Owo",0,NA,"Case management","IPTp","No SMC","No LLINs","No PBO nets","IRS","IPTi","Nigeria"
"South West","Osun","Aiyedade",0,NA,"Case management","IPTp","No SMC","No LLINs","No PBO nets","IRS","IPTi","Nigeria"
"South West","Osun","Aiyedire",0,NA,"Case management","IPTp","No SMC","No LLINs","No PBO nets","IRS","IPTi","Nigeria"
"South West","Osun","Atakumosa East",0,NA,"Case management","IPTp","No SMC","No LLINs","No PBO nets","IRS","IPTi","Nigeria"
"South West","Osun","Atakumosa West",0,NA,"Case management","IPTp","No SMC","No LLINs","No PBO nets","IRS","IPTi","Nigeria"
"South West","Osun","Boluwaduro",0,NA,"Case management","IPTp","No SMC","LLINs","No PBO nets","No IRS","IPTi","Nigeria"
"South West","Osun","Boripe",0,NA,"Case management","IPTp","No SMC","LLINs","No PBO nets","No IRS","IPTi","Nigeria"
"South West","Osun","Ede North",0,NA,"Case management","IPTp","No SMC","No LLINs","No PBO nets","IRS","IPTi","Nigeria"
"South West","Osun","Ede South",0,NA,"Case management","IPTp","No SMC","No LLINs","No PBO nets","IRS","IPTi","Nigeria"
"South West","Osun","Egbedore",0,NA,"Case management","IPTp","No SMC","No LLINs","No PBO nets","IRS","IPTi","Nigeria"
"South West","Osun","Ejigbo",0,NA,"Case management","IPTp","No SMC","No LLINs","No PBO nets","IRS","IPTi","Nigeria"
"South West","Osun","Ife Central",1,"Ife","Case management","IPTp","No SMC","No LLINs","No PBO nets","IRS","IPTi","Nigeria"
"South West","Osun","Ife East",1,"Ife","Case management","IPTp","No SMC","Urban Areas (>1M population)","No PBO nets","No IRS","IPTi","Nigeria"
"South West","Osun","Ife North",1,"Ife","Case management","IPTp","No SMC","No LLINs","No PBO nets","IRS","IPTi","Nigeria"
"South West","Osun","Ife South",0,NA,"Case management","IPTp","No SMC","LLINs","No PBO nets","No IRS","IPTi","Nigeria"
"South West","Osun","Ifedayo",0,NA,"Case management","IPTp","No SMC","No LLINs","No PBO nets","IRS","IPTi","Nigeria"
"South West","Osun","Ifelodun2",0,NA,"Case management","IPTp","No SMC","No LLINs","No PBO nets","IRS","IPTi","Nigeria"
"South West","Osun","Ila",0,NA,"Case management","IPTp","No SMC","No LLINs","No PBO nets","IRS","IPTi","Nigeria"
"South West","Osun","Ilesha East",0,NA,"Case management","IPTp","No SMC","No LLINs","No PBO nets","IRS","IPTi","Nigeria"
"South West","Osun","Ilesha West",0,NA,"Case management","IPTp","No SMC","No LLINs","No PBO nets","IRS","IPTi","Nigeria"
"South West","Osun","Irepodun2",0,NA,"Case management","IPTp","No SMC","No LLINs","No PBO nets","IRS","IPTi","Nigeria"
"South West","Osun","Irewole",0,NA,"Case management","IPTp","No SMC","No LLINs","No PBO nets","IRS","IPTi","Nigeria"
"South West","Osun","Isokan",0,NA,"Case management","IPTp","No SMC","LLINs","No PBO nets","No IRS","IPTi","Nigeria"
"South West","Osun","Iwo",0,NA,"Case management","IPTp","No SMC","No LLINs","No PBO nets","IRS","IPTi","Nigeria"
"South West","Osun","Obokun",0,NA,"Case management","IPTp","No SMC","No LLINs","No PBO nets","IRS","IPTi","Nigeria"
"South West","Osun","Odo-Otin",0,NA,"Case management","IPTp","No SMC","No LLINs","No PBO nets","IRS","IPTi","Nigeria"
"South West","Osun","Ola-oluwa",0,NA,"Case management","IPTp","No SMC","No LLINs","No PBO nets","IRS","IPTi","Nigeria"
"South West","Osun","Olorunda",0,NA,"Case management","IPTp","No SMC","LLINs","No PBO nets","No IRS","IPTi","Nigeria"
"South West","Osun","Oriade",0,NA,"Case management","IPTp","No SMC","No LLINs","No PBO nets","IRS","IPTi","Nigeria"
"South West","Osun","Orolu",0,NA,"Case management","IPTp","No SMC","LLINs","No PBO nets","No IRS","IPTi","Nigeria"
"South West","Osun","Osogbo",0,NA,"Case management","IPTp","No SMC","No LLINs","No PBO nets","IRS","IPTi","Nigeria"
"South West","Oyo","Afijio",0,NA,"Case management","IPTp","No SMC","LLINs","No PBO nets","No IRS","IPTi","Nigeria"
"South West","Oyo","Akinyele",1,"Ibadan","Case management","IPTp","No SMC","No LLINs","No PBO nets","IRS","IPTi","Nigeria"
"South West","Oyo","Atiba",0,NA,"Case management","IPTp","No SMC","LLINs","No PBO nets","No IRS","IPTi","Nigeria"
"South West","Oyo","Atigbo",0,NA,"Case management","IPTp","No SMC","LLINs","No PBO nets","No IRS","IPTi","Nigeria"
"South West","Oyo","Egbeda",1,"Ibadan","Case management","IPTp","No SMC","Urban Areas (>1M population)","No PBO nets","No IRS","IPTi","Nigeria"
"South West","Oyo","Ibadan North",1,"Ibadan","Case management","IPTp","No SMC","No LLINs","No PBO nets","IRS","IPTi","Nigeria"
"South West","Oyo","Ibadan North East",1,"Ibadan","Case management","IPTp","No SMC","No LLINs","No PBO nets","IRS","IPTi","Nigeria"
"South West","Oyo","Ibadan North West",1,"Ibadan","Case management","IPTp","No SMC","No LLINs","No PBO nets","IRS","IPTi","Nigeria"
"South West","Oyo","Ibadan South East",1,"Ibadan","Case management","IPTp","No SMC","Urban Areas (>1M population)","No PBO nets","No IRS","IPTi","Nigeria"
"South West","Oyo","Ibadan South West",1,"Ibadan","Case management","IPTp","No SMC","No LLINs","No PBO nets","IRS","IPTi","Nigeria"
"South West","Oyo","Ibarapa Central",0,NA,"Case management","IPTp","No SMC","No LLINs","No PBO nets","IRS","IPTi","Nigeria"
"South West","Oyo","Ibarapa East",0,NA,"Case management","IPTp","No SMC","No LLINs","No PBO nets","IRS","IPTi","Nigeria"
"South West","Oyo","Ibarapa North",0,NA,"Case management","IPTp","No SMC","LLINs","No PBO nets","No IRS","IPTi","Nigeria"
"South West","Oyo","Ido",1,"Ibadan","Case management","IPTp","No SMC","No LLINs","No PBO nets","IRS","IPTi","Nigeria"
"South West","Oyo","Irepo",0,NA,"Case management","IPTp","SMC","LLINs","No PBO nets","No IRS","No IPTi","Nigeria"
"South West","Oyo","Iseyin",0,NA,"Case management","IPTp","No SMC","LLINs","No PBO nets","No IRS","IPTi","Nigeria"
"South West","Oyo","Itesiwaju",0,NA,"Case management","IPTp","No SMC","No LLINs","No PBO nets","IRS","IPTi","Nigeria"
"South West","Oyo","Iwajowa",0,NA,"Case management","IPTp","No SMC","LLINs","No PBO nets","No IRS","IPTi","Nigeria"
"South West","Oyo","Kajola",0,NA,"Case management","IPTp","No SMC","LLINs","No PBO nets","No IRS","IPTi","Nigeria"
"South West","Oyo","Lagelu",1,"Ibadan","Case management","IPTp","No SMC","No LLINs","No PBO nets","IRS","IPTi","Nigeria"
"South West","Oyo","Ogbomosho North",0,NA,"Case management","IPTp","No SMC","No LLINs","No PBO nets","IRS","IPTi","Nigeria"
"South West","Oyo","Ogbomosho South",0,NA,"Case management","IPTp","No SMC","No LLINs","No PBO nets","IRS","IPTi","Nigeria"
"South West","Oyo","Ogo Oluwa",0,NA,"Case management","IPTp","No SMC","No LLINs","No PBO nets","IRS","IPTi","Nigeria"
"South West","Oyo","Olorunsogo",0,NA,"Case management","IPTp","No SMC","LLINs","No PBO nets","No IRS","IPTi","Nigeria"
"South West","Oyo","Oluyole",0,NA,"Case management","IPTp","No SMC","No LLINs","No PBO nets","IRS","IPTi","Nigeria"
"South West","Oyo","Ona-Ara",1,"Ibadan","Case management","IPTp","No SMC","No LLINs","No PBO nets","IRS","IPTi","Nigeria"
"South West","Oyo","Orelope",0,NA,"Case management","IPTp","No SMC","LLINs","No PBO nets","No IRS","IPTi","Nigeria"
"South West","Oyo","Ori Ire",0,NA,"Case management","IPTp","No SMC","LLINs","No PBO nets","No IRS","IPTi","Nigeria"
"South West","Oyo","Oyo East",0,NA,"Case management","IPTp","No SMC","LLINs","No PBO nets","No IRS","IPTi","Nigeria"
"South West","Oyo","Oyo West",0,NA,"Case management","IPTp","No SMC","LLINs","No PBO nets","No IRS","IPTi","Nigeria"
"South West","Oyo","Saki East",0,NA,"Case management","IPTp","No SMC","LLINs","No PBO nets","No IRS","IPTi","Nigeria"
"South West","Oyo","Saki West",0,NA,"Case management","IPTp","No SMC","LLINs","No PBO nets","No IRS","IPTi","Nigeria"
"South West","Oyo","Surulere2",0,NA,"Case management","IPTp","No SMC","LLINs","No PBO nets","No IRS","IPTi","Nigeria"
"North Central","Plateau","Barikin Ladi",0,NA,"Case management","IPTp","SMC","LLINs","No PBO nets","No IRS","No IPTi","Nigeria"
"North Central","Plateau","Bassa2",0,NA,"Case management","IPTp","SMC","LLINs","No PBO nets","No IRS","No IPTi","Nigeria"
"North Central","Plateau","Bokkos",0,NA,"Case management","IPTp","SMC","LLINs","No PBO nets","No IRS","No IPTi","Nigeria"
"North Central","Plateau","Jos East",0,NA,"Case management","IPTp","SMC","No LLINs","No PBO nets","IRS","No IPTi","Nigeria"
"North Central","Plateau","Jos North",1,"Jos","Case management","IPTp","SMC","Urban Areas (>1M population)","No PBO nets","No IRS","No IPTi","Nigeria"
"North Central","Plateau","Jos South",1,"Jos","Case management","IPTp","SMC","Urban Areas (>1M population)","No PBO nets","No IRS","No IPTi","Nigeria"
"North Central","Plateau","Kanam",0,NA,"Case management","IPTp","SMC","LLINs","No PBO nets","No IRS","No IPTi","Nigeria"
"North Central","Plateau","Kanke",0,NA,"Case management","IPTp","SMC","LLINs","No PBO nets","No IRS","No IPTi","Nigeria"
"North Central","Plateau","Langtang North",0,NA,"Case management","IPTp","SMC","LLINs","No PBO nets","No IRS","No IPTi","Nigeria"
"North Central","Plateau","Langtang South",0,NA,"Case management","IPTp","SMC","No LLINs","No PBO nets","IRS","No IPTi","Nigeria"
"North Central","Plateau","Mangu",0,NA,"Case management","IPTp","SMC","No LLINs","No PBO nets","IRS","No IPTi","Nigeria"
"North Central","Plateau","Mikang",0,NA,"Case management","IPTp","SMC","LLINs","No PBO nets","No IRS","No IPTi","Nigeria"
"North Central","Plateau","Pankshin",0,NA,"Case management","IPTp","SMC","LLINs","No PBO nets","No IRS","No IPTi","Nigeria"
"North Central","Plateau","Qua'an Pan",0,NA,"Case management","IPTp","SMC","No LLINs","No PBO nets","IRS","No IPTi","Nigeria"
"North Central","Plateau","Riyom",0,NA,"Case management","IPTp","SMC","No LLINs","No PBO nets","IRS","No IPTi","Nigeria"
"North Central","Plateau","Shendam",0,NA,"Case management","IPTp","SMC","LLINs","No PBO nets","No IRS","No IPTi","Nigeria"
"North Central","Plateau","Wase",0,NA,"Case management","IPTp","SMC","LLINs","No PBO nets","No IRS","No IPTi","Nigeria"
"South South","Rivers","Abua/Odual",0,NA,"Case management","IPTp","No SMC","LLINs","No PBO nets","No IRS","IPTi","Nigeria"
"South South","Rivers","Ahoada East",0,NA,"Case management","IPTp","No SMC","LLINs","No PBO nets","No IRS","IPTi","Nigeria"
"South South","Rivers","Ahoada West",0,NA,"Case management","IPTp","No SMC","LLINs","No PBO nets","No IRS","IPTi","Nigeria"
"South South","Rivers","Akuku Toru",0,NA,"Case management","IPTp","No SMC","LLINs","No PBO nets","No IRS","IPTi","Nigeria"
"South South","Rivers","Andoni",0,NA,"Case management","IPTp","No SMC","LLINs","No PBO nets","No IRS","IPTi","Nigeria"
"South South","Rivers","Asari-Toru",0,NA,"Case management","IPTp","No SMC","LLINs","No PBO nets","No IRS","IPTi","Nigeria"
"South South","Rivers","Bonny",0,NA,"Case management","IPTp","No SMC","LLINs","No PBO nets","No IRS","IPTi","Nigeria"
"South South","Rivers","Degema",0,NA,"Case management","IPTp","No SMC","LLINs","No PBO nets","No IRS","IPTi","Nigeria"
"South South","Rivers","Eleme",1,"Port Harcourt","Case management","IPTp","No SMC","Urban Areas (>1M population)","No PBO nets","No IRS","IPTi","Nigeria"
"South South","Rivers","Emohua",0,NA,"Case management","IPTp","No SMC","LLINs","No PBO nets","No IRS","IPTi","Nigeria"
"South South","Rivers","Etche",0,NA,"Case management","IPTp","No SMC","LLINs","No PBO nets","No IRS","IPTi","Nigeria"
"South South","Rivers","Gokana",0,NA,"Case management","IPTp","No SMC","LLINs","No PBO nets","No IRS","IPTi","Nigeria"
"South South","Rivers","Ikwerre",0,NA,"Case management","IPTp","No SMC","LLINs","No PBO nets","No IRS","IPTi","Nigeria"
"South South","Rivers","Khana",0,NA,"Case management","IPTp","No SMC","LLINs","No PBO nets","No IRS","IPTi","Nigeria"
"South South","Rivers","Obia/Akpor",1,"Port Harcourt","Case management","IPTp","No SMC","Urban Areas (>1M population)","No PBO nets","No IRS","IPTi","Nigeria"
"South South","Rivers","Ogba/Egbema/Ndoni",0,NA,"Case management","IPTp","No SMC","LLINs","No PBO nets","No IRS","IPTi","Nigeria"
"South South","Rivers","Ogu/Bolo",0,NA,"Case management","IPTp","No SMC","LLINs","No PBO nets","No IRS","IPTi","Nigeria"
"South South","Rivers","Okrika",0,NA,"Case management","IPTp","No SMC","LLINs","No PBO nets","No IRS","IPTi","Nigeria"
"South South","Rivers","Omumma",0,NA,"Case management","IPTp","No SMC","LLINs","No PBO nets","No IRS","IPTi","Nigeria"
"South South","Rivers","Opobo/Nkoro",0,NA,"Case management","IPTp","No SMC","LLINs","No PBO nets","No IRS","IPTi","Nigeria"
"South South","Rivers","Oyigbo",0,NA,"Case management","IPTp","No SMC","LLINs","No PBO nets","No IRS","IPTi","Nigeria"
"South South","Rivers","Port-Harcourt",1,"Port Harcourt","Case management","IPTp","No SMC","Urban Areas (>1M population)","No PBO nets","No IRS","IPTi","Nigeria"
"South South","Rivers","Tai",0,NA,"Case management","IPTp","No SMC","LLINs","No PBO nets","No IRS","IPTi","Nigeria"
"North West","Sokoto","Binji",0,NA,"Case management","IPTp","SMC","LLINs","No PBO nets","No IRS","No IPTi","Nigeria"
"North West","Sokoto","Bodinga",0,NA,"Case management","IPTp","SMC","LLINs","No PBO nets","No IRS","No IPTi","Nigeria"
"North West","Sokoto","Dange-Shnsi",0,NA,"Case management","IPTp","SMC","LLINs","No PBO nets","No IRS","No IPTi","Nigeria"
"North West","Sokoto","Gada",0,NA,"Case management","IPTp","SMC","LLINs","No PBO nets","No IRS","No IPTi","Nigeria"
"North West","Sokoto","Gawabawa",0,NA,"Case management","IPTp","SMC","No LLINs","No PBO nets","IRS","No IPTi","Nigeria"
"North West","Sokoto","Goronyo",0,NA,"Case management","IPTp","SMC","No LLINs","No PBO nets","IRS","No IPTi","Nigeria"
"North West","Sokoto","Gudu",0,NA,"Case management","IPTp","SMC","No LLINs","No PBO nets","IRS","No IPTi","Nigeria"
"North West","Sokoto","Illela",0,NA,"Case management","IPTp","SMC","No LLINs","No PBO nets","IRS","No IPTi","Nigeria"
"North West","Sokoto","Isa",0,NA,"Case management","IPTp","SMC","LLINs","No PBO nets","No IRS","No IPTi","Nigeria"
"North West","Sokoto","Kebbe",0,NA,"Case management","IPTp","SMC","No LLINs","No PBO nets","IRS","No IPTi","Nigeria"
"North West","Sokoto","Kware",0,NA,"Case management","IPTp","SMC","LLINs","No PBO nets","No IRS","No IPTi","Nigeria"
"North West","Sokoto","Rabah",0,NA,"Case management","IPTp","SMC","LLINs","No PBO nets","No IRS","No IPTi","Nigeria"
"North West","Sokoto","Sabon Birni",0,NA,"Case management","IPTp","SMC","LLINs","No PBO nets","No IRS","No IPTi","Nigeria"
"North West","Sokoto","Shagari",0,NA,"Case management","IPTp","SMC","LLINs","No PBO nets","No IRS","No IPTi","Nigeria"
"North West","Sokoto","Silame",0,NA,"Case management","IPTp","SMC","No LLINs","No PBO nets","IRS","No IPTi","Nigeria"
"North West","Sokoto","Sokoto North",0,NA,"Case management","IPTp","SMC","LLINs","No PBO nets","No IRS","No IPTi","Nigeria"
"North West","Sokoto","Sokoto South",0,NA,"Case management","IPTp","SMC","LLINs","No PBO nets","No IRS","No IPTi","Nigeria"
"North West","Sokoto","Tambuwal",0,NA,"Case management","IPTp","SMC","LLINs","No PBO nets","No IRS","No IPTi","Nigeria"
"North West","Sokoto","Tangaza",0,NA,"Case management","IPTp","SMC","No LLINs","No PBO nets","IRS","No IPTi","Nigeria"
"North West","Sokoto","Tureta",0,NA,"Case management","IPTp","SMC","No LLINs","No PBO nets","IRS","No IPTi","Nigeria"
"North West","Sokoto","Wamako",0,NA,"Case management","IPTp","SMC","LLINs","No PBO nets","No IRS","No IPTi","Nigeria"
"North West","Sokoto","Wurno",0,NA,"Case management","IPTp","SMC","LLINs","No PBO nets","No IRS","No IPTi","Nigeria"
"North West","Sokoto","Yabo",0,NA,"Case management","IPTp","SMC","LLINs","No PBO nets","No IRS","No IPTi","Nigeria"
"North East","Taraba","Ardo-Kola",0,NA,"Case management","IPTp","SMC","No LLINs","No PBO nets","IRS","No IPTi","Nigeria"
"North East","Taraba","Bali",0,NA,"Case management","IPTp","SMC","No LLINs","No PBO nets","IRS","No IPTi","Nigeria"
"North East","Taraba","Donga",0,NA,"Case management","IPTp","SMC","LLINs","No PBO nets","No IRS","No IPTi","Nigeria"
"North East","Taraba","Gashaka",0,NA,"Case management","IPTp","SMC","No LLINs","No PBO nets","IRS","No IPTi","Nigeria"
"North East","Taraba","Gassol",0,NA,"Case management","IPTp","SMC","No LLINs","No PBO nets","IRS","No IPTi","Nigeria"
"North East","Taraba","Ibi",0,NA,"Case management","IPTp","SMC","No LLINs","No PBO nets","IRS","No IPTi","Nigeria"
"North East","Taraba","Jalingo",0,NA,"Case management","IPTp","SMC","No LLINs","No PBO nets","IRS","No IPTi","Nigeria"
"North East","Taraba","Karin-Lamido",0,NA,"Case management","IPTp","SMC","No LLINs","No PBO nets","IRS","No IPTi","Nigeria"
"North East","Taraba","Kurmi",0,NA,"Case management","IPTp","No SMC","No LLINs","No PBO nets","IRS","IPTi","Nigeria"
"North East","Taraba","Lau",0,NA,"Case management","IPTp","SMC","No LLINs","No PBO nets","IRS","No IPTi","Nigeria"
"North East","Taraba","Sardauna",0,NA,"Case management","IPTp","No SMC","LLINs","No PBO nets","No IRS","IPTi","Nigeria"
"North East","Taraba","Takum",0,NA,"Case management","IPTp","No SMC","No LLINs","No PBO nets","IRS","IPTi","Nigeria"
"North East","Taraba","Ussa",0,NA,"Case management","IPTp","No SMC","LLINs","No PBO nets","No IRS","IPTi","Nigeria"
"North East","Taraba","Wukari",0,NA,"Case management","IPTp","SMC","No LLINs","No PBO nets","IRS","No IPTi","Nigeria"
"North East","Taraba","Yorro",0,NA,"Case management","IPTp","SMC","LLINs","No PBO nets","No IRS","No IPTi","Nigeria"
"North East","Taraba","Zing",0,NA,"Case management","IPTp","SMC","No LLINs","No PBO nets","IRS","No IPTi","Nigeria"
"North East","Yobe","Bade",0,NA,"Case management","IPTp","SMC","LLINs","No PBO nets","No IRS","No IPTi","Nigeria"
"North East","Yobe","Bursari",0,NA,"Case management","IPTp","SMC","LLINs","No PBO nets","No IRS","No IPTi","Nigeria"
"North East","Yobe","Damaturu",0,NA,"Case management","IPTp","SMC","LLINs","No PBO nets","No IRS","No IPTi","Nigeria"
"North East","Yobe","Fika",0,NA,"Case management","IPTp","SMC","No LLINs","No PBO nets","IRS","No IPTi","Nigeria"
"North East","Yobe","Fune",0,NA,"Case management","IPTp","SMC","No LLINs","No PBO nets","IRS","No IPTi","Nigeria"
"North East","Yobe","Geidam",0,NA,"Case management","IPTp","SMC","LLINs","No PBO nets","No IRS","No IPTi","Nigeria"
"North East","Yobe","Gujba",0,NA,"Case management","IPTp","SMC","No LLINs","No PBO nets","IRS","No IPTi","Nigeria"
"North East","Yobe","Gulani",0,NA,"Case management","IPTp","SMC","No LLINs","No PBO nets","IRS","No IPTi","Nigeria"
"North East","Yobe","Jakusko",0,NA,"Case management","IPTp","SMC","No LLINs","No PBO nets","IRS","No IPTi","Nigeria"
"North East","Yobe","Karasuwa",0,NA,"Case management","IPTp","SMC","LLINs","No PBO nets","No IRS","No IPTi","Nigeria"
"North East","Yobe","Machina",0,NA,"Case management","IPTp","SMC","LLINs","No PBO nets","No IRS","No IPTi","Nigeria"
"North East","Yobe","Nangere",0,NA,"Case management","IPTp","SMC","No LLINs","No PBO nets","IRS","No IPTi","Nigeria"
"North East","Yobe","Nguru",0,NA,"Case management","IPTp","SMC","LLINs","No PBO nets","No IRS","No IPTi","Nigeria"
"North East","Yobe","Potiskum",0,NA,"Case management","IPTp","SMC","No LLINs","No PBO nets","IRS","No IPTi","Nigeria"
"North East","Yobe","Tarmua",0,NA,"Case management","IPTp","SMC","No LLINs","No PBO nets","IRS","No IPTi","Nigeria"
"North East","Yobe","Yunusari",0,NA,"Case management","IPTp","SMC","LLINs","No PBO nets","No IRS","No IPTi","Nigeria"
"North East","Yobe","Yusufari",0,NA,"Case management","IPTp","SMC","LLINs","No PBO nets","No IRS","No IPTi","Nigeria"
"North West","Zamfara","Anka",0,NA,"Case management","IPTp","SMC","No LLINs","No PBO nets","IRS","No IPTi","Nigeria"
"North West","Zamfara","Bakura",0,NA,"Case management","IPTp","SMC","No LLINs","No PBO nets","IRS","No IPTi","Nigeria"
"North West","Zamfara","Birnin Magaji",0,NA,"Case management","IPTp","SMC","No LLINs","No PBO nets","IRS","No IPTi","Nigeria"
"North West","Zamfara","Bukkuyum",0,NA,"Case management","IPTp","SMC","No LLINs","No PBO nets","IRS","No IPTi","Nigeria"
"North West","Zamfara","Bungudu",0,NA,"Case management","IPTp","SMC","No LLINs","No PBO nets","IRS","No IPTi","Nigeria"
"North West","Zamfara","Gummi",0,NA,"Case management","IPTp","SMC","LLINs","No PBO nets","No IRS","No IPTi","Nigeria"
"North West","Zamfara","Gusau",0,NA,"Case management","IPTp","SMC","LLINs","No PBO nets","No IRS","No IPTi","Nigeria"
"North West","Zamfara","Kaura-Namoda",0,NA,"Case management","IPTp","SMC","No LLINs","No PBO nets","IRS","No IPTi","Nigeria"
"North West","Zamfara","Maradun",0,NA,"Case management","IPTp","SMC","No LLINs","No PBO nets","IRS","No IPTi","Nigeria"
"North West","Zamfara","Maru",0,NA,"Case management","IPTp","SMC","No LLINs","No PBO nets","IRS","No IPTi","Nigeria"
"North West","Zamfara","Shinkafi",0,NA,"Case management","IPTp","SMC","No LLINs","No PBO nets","IRS","No IPTi","Nigeria"
"North West","Zamfara","Talata Mafara",0,NA,"Case management","IPTp","SMC","No LLINs","No PBO nets","IRS","No IPTi","Nigeria"
"North West","Zamfara","Tsafe",0,NA,"Case management","IPTp","SMC","No LLINs","No PBO nets","IRS","No IPTi","Nigeria"
"North West","Zamfara","Zurmi",0,NA,"Case management","IPTp","SMC","No LLINs","No PBO nets","IRS","No IPTi","Nigeria"
