adm1,adm2,caseman_fund,iptp_fund,mass_llins_fund,smc_fund,ipti_fund,vac_fund,plan_fund
Abia,Aba North,CM,IPTp,Urban-Dual AI(2024),No SMC,IPTi,Not-pri,CM+IPTP+Urban-Dual AI+IPTi
Abia,Aba South,CM,IPTp,Urban-Dual AI(2024),No SMC,IPTi,Not-pri,CM+IPTP+Urban-Dual AI+IPTi
Abia,Arochukwu,CM,IPTp,Dual AI(2024),No SMC,IPTi,Not-pri,CM+IPTP+Dual AI+IPTi
Abia,Bende,CM,IPTp,Dual AI(2024),No SMC,IPTi,Not-pri,CM+IPTP+Dual AI+IPTi
Abia,Ikwuano,CM,IPTp,Dual AI(2024),No SMC,IPTi,Not-pri,CM+IPTP+Dual AI+IPTi
Abia,Isiala-Ngwa North,CM,IPTp,Dual AI(2024),No SMC,IPTi,Not-pri,CM+IPTP+Dual AI+IPTi
Abia,Isiala-Ngwa South,CM,IPTp,Dual AI(2024),No SMC,IPTi,Not-pri,CM+IPTP+Dual AI+IPTi
Abia,Isuikwato,CM,IPTp,Dual AI(2024),No SMC,IPTi,Not-pri,CM+IPTP+Dual AI+IPTi
Abia,Obi Nwa,CM,IPTp,Dual AI(2024),No SMC,IPTi,Not-pri,CM+IPTP+Dual AI+IPTi
Abia,Ohafia,CM,IPTp,Dual AI(2024),No SMC,IPTi,Not-pri,CM+IPTP+Dual AI+IPTi
Abia,Osisioma Ngwa,CM,IPTp,Dual AI(2024),No SMC,IPTi,Not-pri,CM+IPTP+Dual AI+IPTi
Abia,Ugwunagbo,CM,IPTp,Dual AI(2024),No SMC,IPTi,Not-pri,CM+IPTP+Dual AI+IPTi
Abia,Ukwa East,CM,IPTp,Dual AI(2024),No SMC,IPTi,Not-pri,CM+IPTP+Dual AI+IPTi
Abia,Ukwa West,CM,IPTp,Dual AI(2024),No SMC,IPTi,Not-pri,CM+IPTP+Dual AI+IPTi
Abia,Umu-Neochi,CM,IPTp,Dual AI(2024),No SMC,IPTi,Not-pri,CM+IPTP+Dual AI+IPTi
Abia,Umuahia North,CM,IPTp,Dual AI(2024),No SMC,IPTi,Not-pri,CM+IPTP+Dual AI+IPTi
Abia,Umuahia South,CM,IPTp,Dual AI(2024),No SMC,IPTi,Not-pri,CM+IPTP+Dual AI+IPTi
Adamawa,Demsa,CM,IPTp,"Dual AI(2023,2026)",SMC,No IPTi,Not-pri,CM+IPTP+Dual AI+SMC
Adamawa,Fufore,CM,IPTp,"Dual AI(2023,2026)",SMC,No IPTi,Not-pri,CM+IPTP+Dual AI+SMC
Adamawa,Ganaye,CM,IPTp,"Dual AI(2023,2026)",No SMC,IPTi,Not-pri,CM+IPTP+Dual AI+IPTi
Adamawa,Gireri,CM,IPTp,"Dual AI(2023,2026)",SMC,No IPTi,Not-pri,CM+IPTP+Dual AI+SMC
Adamawa,Gombi,CM,IPTp,"Dual AI(2023,2026)",SMC,No IPTi,Not-pri,CM+IPTP+Dual AI+SMC
Adamawa,Guyuk,CM,IPTp,"Dual AI(2023,2026)",SMC,No IPTi,Not-pri,CM+IPTP+Dual AI+SMC
Adamawa,Hong,CM,IPTp,"Dual AI(2023,2026)",SMC,No IPTi,Not-pri,CM+IPTP+Dual AI+SMC
Adamawa,Jada,CM,IPTp,"Dual AI(2023,2026)",SMC,No IPTi,Not-pri,CM+IPTP+Dual AI+SMC
Adamawa,Lamurde,CM,IPTp,"Dual AI(2023,2026)",SMC,No IPTi,Not-pri,CM+IPTP+Dual AI+SMC
Adamawa,Madagali,CM,IPTp,"Dual AI(2023,2026)",SMC,No IPTi,Not-pri,CM+IPTP+Dual AI+SMC
Adamawa,Maiha,CM,IPTp,"Dual AI(2023,2026)",SMC,No IPTi,Not-pri,CM+IPTP+Dual AI+SMC
Adamawa,Mayo-Belwa,CM,IPTp,"Dual AI(2023,2026)",SMC,No IPTi,Not-pri,CM+IPTP+Dual AI+SMC
Adamawa,Michika,CM,IPTp,"Dual AI(2023,2026)",SMC,No IPTi,Not-pri,CM+IPTP+Dual AI+SMC
Adamawa,Mubi North,CM,IPTp,"Dual AI(2023,2026)",SMC,No IPTi,Not-pri,CM+IPTP+Dual AI+SMC
Adamawa,Mubi South,CM,IPTp,"Dual AI(2023,2026)",SMC,No IPTi,Not-pri,CM+IPTP+Dual AI+SMC
Adamawa,Numan,CM,IPTp,"Dual AI(2023,2026)",SMC,No IPTi,Not-pri,CM+IPTP+Dual AI+SMC
Adamawa,Shelleng,CM,IPTp,"Dual AI(2023,2026)",SMC,No IPTi,Not-pri,CM+IPTP+Dual AI+SMC
Adamawa,Song,CM,IPTp,"Dual AI(2023,2026)",SMC,No IPTi,Not-pri,CM+IPTP+Dual AI+SMC
Adamawa,Toungo,CM,IPTp,"Dual AI(2023,2026)",No SMC,IPTi,Not-pri,CM+IPTP+Dual AI+IPTi
Adamawa,Yola North,CM,IPTp,"Dual AI(2023,2026)",SMC,No IPTi,Not-pri,CM+IPTP+Dual AI+SMC
Adamawa,Yola South,CM,IPTp,"Dual AI(2023,2026)",SMC,No IPTi,Not-pri,CM+IPTP+Dual AI+SMC
Akwa Ibom,Abak,CM,IPTp,Pyr(2025),No SMC,IPTi,Not-pri,CM+IPTP+Pyr+IPTi
Akwa Ibom,Eastern Obolo,CM,IPTp,Pyr(2025),No SMC,IPTi,Not-pri,CM+IPTP+Pyr+IPTi
Akwa Ibom,Eket,CM,IPTp,Pyr(2025),No SMC,IPTi,Not-pri,CM+IPTP+Pyr+IPTi
Akwa Ibom,Esit Eket,CM,IPTp,Pyr(2025),No SMC,IPTi,Not-pri,CM+IPTP+Pyr+IPTi
Akwa Ibom,Essien Udim,CM,IPTp,Pyr(2025),No SMC,IPTi,Not-pri,CM+IPTP+Pyr+IPTi
Akwa Ibom,Etim Ekpo,CM,IPTp,Pyr(2025),No SMC,IPTi,Not-pri,CM+IPTP+Pyr+IPTi
Akwa Ibom,Etinan,CM,IPTp,Pyr(2025),No SMC,IPTi,Not-pri,CM+IPTP+Pyr+IPTi
Akwa Ibom,Ibeno,CM,IPTp,Pyr(2025),No SMC,IPTi,Not-pri,CM+IPTP+Pyr+IPTi
Akwa Ibom,Ibesikpo Asutan,CM,IPTp,Pyr(2025),No SMC,IPTi,Not-pri,CM+IPTP+Pyr+IPTi
Akwa Ibom,Ibiono Ibom,CM,IPTp,Pyr(2025),No SMC,IPTi,Not-pri,CM+IPTP+Pyr+IPTi
Akwa Ibom,Ika,CM,IPTp,Pyr(2025),No SMC,IPTi,Not-pri,CM+IPTP+Pyr+IPTi
Akwa Ibom,Ikono,CM,IPTp,Pyr(2025),No SMC,IPTi,Not-pri,CM+IPTP+Pyr+IPTi
Akwa Ibom,Ikot Abasi,CM,IPTp,Pyr(2025),No SMC,IPTi,Not-pri,CM+IPTP+Pyr+IPTi
Akwa Ibom,Ikot Ekpene,CM,IPTp,Pyr(2025),No SMC,IPTi,Not-pri,CM+IPTP+Pyr+IPTi
Akwa Ibom,Ini,CM,IPTp,Pyr(2025),No SMC,IPTi,Not-pri,CM+IPTP+Pyr+IPTi
Akwa Ibom,Itu,CM,IPTp,Pyr(2025),No SMC,IPTi,Not-pri,CM+IPTP+Pyr+IPTi
Akwa Ibom,Mbo,CM,IPTp,Pyr(2025),No SMC,IPTi,Not-pri,CM+IPTP+Pyr+IPTi
Akwa Ibom,Mkpat Enin,CM,IPTp,Pyr(2025),No SMC,IPTi,Not-pri,CM+IPTP+Pyr+IPTi
Akwa Ibom,Nsit Atai,CM,IPTp,Pyr(2025),No SMC,IPTi,Not-pri,CM+IPTP+Pyr+IPTi
Akwa Ibom,Nsit Ibom,CM,IPTp,Pyr(2025),No SMC,IPTi,Not-pri,CM+IPTP+Pyr+IPTi
Akwa Ibom,Nsit Ubium,CM,IPTp,Pyr(2025),No SMC,IPTi,Not-pri,CM+IPTP+Pyr+IPTi
Akwa Ibom,Obot Akara,CM,IPTp,Pyr(2025),No SMC,IPTi,Not-pri,CM+IPTP+Pyr+IPTi
Akwa Ibom,Okobo,CM,IPTp,Pyr(2025),No SMC,IPTi,Not-pri,CM+IPTP+Pyr+IPTi
Akwa Ibom,Onna,CM,IPTp,Pyr(2025),No SMC,IPTi,Not-pri,CM+IPTP+Pyr+IPTi
Akwa Ibom,Oron,CM,IPTp,Pyr(2025),No SMC,IPTi,Not-pri,CM+IPTP+Pyr+IPTi
Akwa Ibom,Oruk Anam,CM,IPTp,Pyr(2025),No SMC,IPTi,Not-pri,CM+IPTP+Pyr+IPTi
Akwa Ibom,Udung Uko,CM,IPTp,Pyr(2025),No SMC,IPTi,Not-pri,CM+IPTP+Pyr+IPTi
Akwa Ibom,Ukanafun,CM,IPTp,Pyr(2025),No SMC,IPTi,Not-pri,CM+IPTP+Pyr+IPTi
Akwa Ibom,Uruan,CM,IPTp,Pyr(2025),No SMC,IPTi,Not-pri,CM+IPTP+Pyr+IPTi
Akwa Ibom,Urue-Offong/Oruko,CM,IPTp,Pyr(2025),No SMC,IPTi,Not-pri,CM+IPTP+Pyr+IPTi
Akwa Ibom,Uyo,CM,IPTp,Urban-Pyr(2025),No SMC,IPTi,Not-pri,CM+IPTP+Urban-Pyr+IPTi
Anambra,Aguata,CM,IPTp,PBO(2024),No SMC,IPTi,Not-pri,CM+IPTP+PBO+IPTi
Anambra,Anambra East,CM,IPTp,PBO(2024),No SMC,IPTi,Not-pri,CM+IPTP+PBO+IPTi
Anambra,Anambra West,CM,IPTp,PBO(2024),No SMC,IPTi,Not-pri,CM+IPTP+PBO+IPTi
Anambra,Anaocha,CM,IPTp,PBO(2024),No SMC,IPTi,Not-pri,CM+IPTP+PBO+IPTi
Anambra,Awka North,CM,IPTp,PBO(2024),No SMC,IPTi,Not-pri,CM+IPTP+PBO+IPTi
Anambra,Awka South,CM,IPTp,PBO(2024),No SMC,IPTi,Not-pri,CM+IPTP+PBO+IPTi
Anambra,Ayamelum,CM,IPTp,PBO(2024),No SMC,IPTi,Not-pri,CM+IPTP+PBO+IPTi
Anambra,Dunukofia,CM,IPTp,PBO(2024),No SMC,IPTi,Not-pri,CM+IPTP+PBO+IPTi
Anambra,Ekwusigo,CM,IPTp,PBO(2024),No SMC,IPTi,Not-pri,CM+IPTP+PBO+IPTi
Anambra,Idemili North,CM,IPTp,Urban-PBO(2024),No SMC,IPTi,Not-pri,CM+IPTP+Urban-PBO+IPTi
Anambra,Idemili South,CM,IPTp,Urban-PBO(2024),No SMC,IPTi,Not-pri,CM+IPTP+Urban-PBO+IPTi
Anambra,Ihiala,CM,IPTp,PBO(2024),No SMC,IPTi,Not-pri,CM+IPTP+PBO+IPTi
Anambra,Njikoka,CM,IPTp,PBO(2024),No SMC,IPTi,Not-pri,CM+IPTP+PBO+IPTi
Anambra,Nnewi North,CM,IPTp,PBO(2024),No SMC,IPTi,Not-pri,CM+IPTP+PBO+IPTi
Anambra,Nnewi South,CM,IPTp,PBO(2024),No SMC,IPTi,Not-pri,CM+IPTP+PBO+IPTi
Anambra,Ogbaru,CM,IPTp,PBO(2024),No SMC,IPTi,Not-pri,CM+IPTP+PBO+IPTi
Anambra,Onitsha North,CM,IPTp,Urban-PBO(2024),No SMC,IPTi,Not-pri,CM+IPTP+Urban-PBO+IPTi
Anambra,Onitsha South,CM,IPTp,Urban-PBO(2024),No SMC,IPTi,Not-pri,CM+IPTP+Urban-PBO+IPTi
Anambra,Orumba North,CM,IPTp,PBO(2024),No SMC,IPTi,Not-pri,CM+IPTP+PBO+IPTi
Anambra,Orumba South,CM,IPTp,PBO(2024),No SMC,IPTi,Not-pri,CM+IPTP+PBO+IPTi
Anambra,Oyi,CM,IPTp,PBO(2024),No SMC,IPTi,Not-pri,CM+IPTP+PBO+IPTi
Bauchi,Alkaleri,CM,IPTp,"PBO(2023,2026)",SMC,No IPTi,Not-pri,CM+IPTP+PBO+SMC
Bauchi,Bauchi,CM,IPTp,"Urban-PBO(2023,2026)",SMC,No IPTi,Not-pri,CM+IPTP+Urban-PBO+SMC
Bauchi,Bogoro,CM,IPTp,"PBO(2023,2026)",SMC,No IPTi,Not-pri,CM+IPTP+PBO+SMC
Bauchi,Damban,CM,IPTp,"PBO(2023,2026)",SMC,No IPTi,Not-pri,CM+IPTP+PBO+SMC
Bauchi,Darazo,CM,IPTp,"PBO(2023,2026)",SMC,No IPTi,Not-pri,CM+IPTP+PBO+SMC
Bauchi,Dass,CM,IPTp,"PBO(2023,2026)",SMC,No IPTi,Not-pri,CM+IPTP+PBO+SMC
Bauchi,Gamawa,CM,IPTp,"PBO(2023,2026)",SMC,No IPTi,Not-pri,CM+IPTP+PBO+SMC
Bauchi,Ganjuwa,CM,IPTp,"PBO(2023,2026)",SMC,No IPTi,Not-pri,CM+IPTP+PBO+SMC
Bauchi,Giade,CM,IPTp,"PBO(2023,2026)",SMC,No IPTi,Not-pri,CM+IPTP+PBO+SMC
Bauchi,Itas/Gadau,CM,IPTp,"PBO(2023,2026)",SMC,No IPTi,Not-pri,CM+IPTP+PBO+SMC
Bauchi,Jama'are,CM,IPTp,"PBO(2023,2026)",SMC,No IPTi,Not-pri,CM+IPTP+PBO+SMC
Bauchi,Katagum,CM,IPTp,"PBO(2023,2026)",SMC,No IPTi,Not-pri,CM+IPTP+PBO+SMC
Bauchi,Kirfi,CM,IPTp,"PBO(2023,2026)",SMC,No IPTi,Not-pri,CM+IPTP+PBO+SMC
Bauchi,Misau,CM,IPTp,"PBO(2023,2026)",SMC,No IPTi,Not-pri,CM+IPTP+PBO+SMC
Bauchi,Ningi,CM,IPTp,"PBO(2023,2026)",SMC,No IPTi,Not-pri,CM+IPTP+PBO+SMC
Bauchi,Shira,CM,IPTp,"PBO(2023,2026)",SMC,No IPTi,Not-pri,CM+IPTP+PBO+SMC
Bauchi,Tafawa-Balewa,CM,IPTp,"PBO(2023,2026)",SMC,No IPTi,Not-pri,CM+IPTP+PBO+SMC
Bauchi,Toro,CM,IPTp,"PBO(2023,2026)",SMC,No IPTi,Not-pri,CM+IPTP+PBO+SMC
Bauchi,Warji,CM,IPTp,"PBO(2023,2026)",SMC,No IPTi,Not-pri,CM+IPTP+PBO+SMC
Bauchi,Zaki,CM,IPTp,"PBO(2023,2026)",SMC,No IPTi,Not-pri,CM+IPTP+PBO+SMC
Bayelsa,Brass,CM,IPTp,PBO(2024),No SMC,IPTi,Vac-pri,CM+IPTP+PBO+IPTi+Vac-pri
Bayelsa,Ekeremor,CM,IPTp,PBO(2024),No SMC,IPTi,Vac-pri,CM+IPTP+PBO+IPTi+Vac-pri
Bayelsa,Kolokuma/Opokuma,CM,IPTp,PBO(2024),No SMC,IPTi,Not-pri,CM+IPTP+PBO+IPTi
Bayelsa,Nembe,CM,IPTp,PBO(2024),No SMC,IPTi,Vac-pri,CM+IPTP+PBO+IPTi+Vac-pri
Bayelsa,Ogbia,CM,IPTp,PBO(2024),No SMC,IPTi,Vac-pri,CM+IPTP+PBO+IPTi+Vac-pri
Bayelsa,Sagbama,CM,IPTp,PBO(2024),No SMC,IPTi,Vac-pri,CM+IPTP+PBO+IPTi+Vac-pri
Bayelsa,Southern Ijaw,CM,IPTp,PBO(2024),No SMC,IPTi,Vac-pri,CM+IPTP+PBO+IPTi+Vac-pri
Bayelsa,Yenegoa,CM,IPTp,PBO(2024),No SMC,IPTi,Not-pri,CM+IPTP+PBO+IPTi
Benue,Ado,CM,IPTp,PBO(2024),No SMC,IPTi,Not-pri,CM+IPTP+PBO+IPTi
Benue,Agatu,CM,IPTp,PBO(2024),SMC,No IPTi,Not-pri,CM+IPTP+PBO+SMC
Benue,Apa,CM,IPTp,PBO(2024),SMC,No IPTi,Not-pri,CM+IPTP+PBO+SMC
Benue,Buruku,CM,IPTp,PBO(2024),No SMC,IPTi,Not-pri,CM+IPTP+PBO+IPTi
Benue,Gboko,CM,IPTp,PBO(2024),No SMC,IPTi,Not-pri,CM+IPTP+PBO+IPTi
Benue,Guma,CM,IPTp,PBO(2024),SMC,No IPTi,Not-pri,CM+IPTP+PBO+SMC
Benue,Gwer East,CM,IPTp,PBO(2024),No SMC,IPTi,Not-pri,CM+IPTP+PBO+IPTi
Benue,Gwer West,CM,IPTp,PBO(2024),SMC,No IPTi,Not-pri,CM+IPTP+PBO+SMC
Benue,Katsina-Ala,CM,IPTp,PBO(2024),No SMC,IPTi,Not-pri,CM+IPTP+PBO+IPTi
Benue,Konshisha,CM,IPTp,PBO(2024),No SMC,IPTi,Not-pri,CM+IPTP+PBO+IPTi
Benue,Kwande,CM,IPTp,PBO(2024),No SMC,IPTi,Not-pri,CM+IPTP+PBO+IPTi
Benue,Logo,CM,IPTp,PBO(2024),SMC,No IPTi,Not-pri,CM+IPTP+PBO+SMC
Benue,Makurdi,CM,IPTp,PBO(2024),SMC,No IPTi,Not-pri,CM+IPTP+PBO+SMC
Benue,Obi1,CM,IPTp,PBO(2024),No SMC,IPTi,Not-pri,CM+IPTP+PBO+IPTi
Benue,Ogbadibo,CM,IPTp,PBO(2024),No SMC,IPTi,Not-pri,CM+IPTP+PBO+IPTi
Benue,Ohimini,CM,IPTp,PBO(2024),No SMC,IPTi,Not-pri,CM+IPTP+PBO+IPTi
Benue,Oju,CM,IPTp,PBO(2024),No SMC,IPTi,Not-pri,CM+IPTP+PBO+IPTi
Benue,Okpokwu,CM,IPTp,PBO(2024),No SMC,IPTi,Not-pri,CM+IPTP+PBO+IPTi
Benue,Oturkpo,CM,IPTp,PBO(2024),No SMC,IPTi,Not-pri,CM+IPTP+PBO+IPTi
Benue,Tarka,CM,IPTp,PBO(2024),SMC,No IPTi,Not-pri,CM+IPTP+PBO+SMC
Benue,Ukum,CM,IPTp,PBO(2024),SMC,No IPTi,Not-pri,CM+IPTP+PBO+SMC
Benue,Ushongo,CM,IPTp,PBO(2024),No SMC,IPTi,Not-pri,CM+IPTP+PBO+IPTi
Benue,Vandeikya,CM,IPTp,PBO(2024),No SMC,IPTi,Not-pri,CM+IPTP+PBO+IPTi
Borno,Abadam,CM,IPTp,PBO(2024),SMC,No IPTi,Not-pri,CM+IPTP+PBO+SMC
Borno,Askira/Uba,CM,IPTp,PBO(2024),SMC,No IPTi,Not-pri,CM+IPTP+PBO+SMC
Borno,Bama,CM,IPTp,PBO(2024),SMC,No IPTi,Not-pri,CM+IPTP+PBO+SMC
Borno,Bayo,CM,IPTp,PBO(2024),SMC,No IPTi,Not-pri,CM+IPTP+PBO+SMC
Borno,Biu,CM,IPTp,PBO(2024),SMC,No IPTi,Not-pri,CM+IPTP+PBO+SMC
Borno,Chibok,CM,IPTp,PBO(2024),SMC,No IPTi,Not-pri,CM+IPTP+PBO+SMC
Borno,Damboa,CM,IPTp,PBO(2024),SMC,No IPTi,Not-pri,CM+IPTP+PBO+SMC
Borno,Dikwa,CM,IPTp,PBO(2024),SMC,No IPTi,Not-pri,CM+IPTP+PBO+SMC
Borno,Gubio,CM,IPTp,PBO(2024),SMC,No IPTi,Not-pri,CM+IPTP+PBO+SMC
Borno,Guzamala,CM,IPTp,PBO(2024),SMC,No IPTi,Not-pri,CM+IPTP+PBO+SMC
Borno,Gwoza,CM,IPTp,PBO(2024),SMC,No IPTi,Not-pri,CM+IPTP+PBO+SMC
Borno,Hawul,CM,IPTp,PBO(2024),SMC,No IPTi,Not-pri,CM+IPTP+PBO+SMC
Borno,Jere,CM,IPTp,PBO(2024),SMC,No IPTi,Not-pri,CM+IPTP+PBO+SMC
Borno,Kaga,CM,IPTp,PBO(2024),SMC,No IPTi,Not-pri,CM+IPTP+PBO+SMC
Borno,Kala/Balge,CM,IPTp,PBO(2024),SMC,No IPTi,Not-pri,CM+IPTP+PBO+SMC
Borno,Konduga,CM,IPTp,PBO(2024),SMC,No IPTi,Not-pri,CM+IPTP+PBO+SMC
Borno,Kukawa,CM,IPTp,PBO(2024),SMC,No IPTi,Not-pri,CM+IPTP+PBO+SMC
Borno,Kwaya Kusar,CM,IPTp,PBO(2024),SMC,No IPTi,Not-pri,CM+IPTP+PBO+SMC
Borno,Mafa,CM,IPTp,PBO(2024),SMC,No IPTi,Not-pri,CM+IPTP+PBO+SMC
Borno,Magumeri,CM,IPTp,PBO(2024),SMC,No IPTi,Not-pri,CM+IPTP+PBO+SMC
Borno,Maiduguri,CM,IPTp,Urban-PBO(2024),SMC,No IPTi,Not-pri,CM+IPTP+Urban-PBO+SMC
Borno,Marte,CM,IPTp,PBO(2024),SMC,No IPTi,Not-pri,CM+IPTP+PBO+SMC
Borno,Mobbar,CM,IPTp,PBO(2024),SMC,No IPTi,Not-pri,CM+IPTP+PBO+SMC
Borno,Monguno,CM,IPTp,PBO(2024),SMC,No IPTi,Not-pri,CM+IPTP+PBO+SMC
Borno,Ngala,CM,IPTp,PBO(2024),SMC,No IPTi,Not-pri,CM+IPTP+PBO+SMC
Borno,Nganzai,CM,IPTp,PBO(2024),SMC,No IPTi,Not-pri,CM+IPTP+PBO+SMC
Borno,Shani,CM,IPTp,PBO(2024),SMC,No IPTi,Not-pri,CM+IPTP+PBO+SMC
Cross River,Abi,CM,IPTp,"PBO(2023,2026)",No SMC,IPTi,Not-pri,CM+IPTP+PBO+IPTi
Cross River,Akamkpa,CM,IPTp,"PBO(2023,2026)",No SMC,IPTi,Not-pri,CM+IPTP+PBO+IPTi
Cross River,Akpabuyo,CM,IPTp,"PBO(2023,2026)",No SMC,IPTi,Not-pri,CM+IPTP+PBO+IPTi
Cross River,Bakassi,CM,IPTp,"PBO(2023,2026)",No SMC,IPTi,Not-pri,CM+IPTP+PBO+IPTi
Cross River,Bekwara,CM,IPTp,"PBO(2023,2026)",No SMC,IPTi,Not-pri,CM+IPTP+PBO+IPTi
Cross River,Biase,CM,IPTp,"PBO(2023,2026)",No SMC,IPTi,Not-pri,CM+IPTP+PBO+IPTi
Cross River,Boki,CM,IPTp,"PBO(2023,2026)",No SMC,IPTi,Not-pri,CM+IPTP+PBO+IPTi
Cross River,Calabar South,CM,IPTp,"PBO(2023,2026)",No SMC,IPTi,Not-pri,CM+IPTP+PBO+IPTi
Cross River,Calabar-Municipal,CM,IPTp,"PBO(2023,2026)",No SMC,IPTi,Not-pri,CM+IPTP+PBO+IPTi
Cross River,Etung,CM,IPTp,"PBO(2023,2026)",No SMC,IPTi,Not-pri,CM+IPTP+PBO+IPTi
Cross River,Ikom,CM,IPTp,"PBO(2023,2026)",No SMC,IPTi,Not-pri,CM+IPTP+PBO+IPTi
Cross River,Obanliku,CM,IPTp,"PBO(2023,2026)",No SMC,IPTi,Not-pri,CM+IPTP+PBO+IPTi
Cross River,Obubra,CM,IPTp,"PBO(2023,2026)",No SMC,IPTi,Not-pri,CM+IPTP+PBO+IPTi
Cross River,Obudu,CM,IPTp,"PBO(2023,2026)",No SMC,IPTi,Not-pri,CM+IPTP+PBO+IPTi
Cross River,Odukpani,CM,IPTp,"PBO(2023,2026)",No SMC,IPTi,Not-pri,CM+IPTP+PBO+IPTi
Cross River,Ogoja,CM,IPTp,"PBO(2023,2026)",No SMC,IPTi,Not-pri,CM+IPTP+PBO+IPTi
Cross River,Yakurr,CM,IPTp,"PBO(2023,2026)",No SMC,IPTi,Not-pri,CM+IPTP+PBO+IPTi
Cross River,Yala,CM,IPTp,"PBO(2023,2026)",No SMC,IPTi,Not-pri,CM+IPTP+PBO+IPTi
Delta,Aniocha North,CM,IPTp,PBO(2025),No SMC,IPTi,Not-pri,CM+IPTP+PBO+IPTi
Delta,Aniocha South,CM,IPTp,PBO(2025),No SMC,IPTi,Not-pri,CM+IPTP+PBO+IPTi
Delta,Bomadi,CM,IPTp,PBO(2025),No SMC,IPTi,Not-pri,CM+IPTP+PBO+IPTi
Delta,Burutu,CM,IPTp,PBO(2025),No SMC,IPTi,Not-pri,CM+IPTP+PBO+IPTi
Delta,Ethiope East,CM,IPTp,PBO(2025),No SMC,IPTi,Not-pri,CM+IPTP+PBO+IPTi
Delta,Ethiope West,CM,IPTp,PBO(2025),No SMC,IPTi,Not-pri,CM+IPTP+PBO+IPTi
Delta,Ika North East,CM,IPTp,PBO(2025),No SMC,IPTi,Not-pri,CM+IPTP+PBO+IPTi
Delta,Ika South,CM,IPTp,PBO(2025),No SMC,IPTi,Not-pri,CM+IPTP+PBO+IPTi
Delta,Isoko North,CM,IPTp,PBO(2025),No SMC,IPTi,Not-pri,CM+IPTP+PBO+IPTi
Delta,Isoko South,CM,IPTp,PBO(2025),No SMC,IPTi,Not-pri,CM+IPTP+PBO+IPTi
Delta,Ndokwa East,CM,IPTp,PBO(2025),No SMC,IPTi,Not-pri,CM+IPTP+PBO+IPTi
Delta,Ndokwa West,CM,IPTp,PBO(2025),No SMC,IPTi,Not-pri,CM+IPTP+PBO+IPTi
Delta,Okpe,CM,IPTp,PBO(2025),No SMC,IPTi,Not-pri,CM+IPTP+PBO+IPTi
Delta,Oshimili North,CM,IPTp,PBO(2025),No SMC,IPTi,Not-pri,CM+IPTP+PBO+IPTi
Delta,Oshimili South,CM,IPTp,PBO(2025),No SMC,IPTi,Not-pri,CM+IPTP+PBO+IPTi
Delta,Patani,CM,IPTp,PBO(2025),No SMC,IPTi,Not-pri,CM+IPTP+PBO+IPTi
Delta,Sapele,CM,IPTp,PBO(2025),No SMC,IPTi,Not-pri,CM+IPTP+PBO+IPTi
Delta,Udu,CM,IPTp,PBO(2025),No SMC,IPTi,Not-pri,CM+IPTP+PBO+IPTi
Delta,Ughelli North,CM,IPTp,PBO(2025),No SMC,IPTi,Not-pri,CM+IPTP+PBO+IPTi
Delta,Ughelli South,CM,IPTp,PBO(2025),No SMC,IPTi,Not-pri,CM+IPTP+PBO+IPTi
Delta,Ukwuani,CM,IPTp,PBO(2025),No SMC,IPTi,Not-pri,CM+IPTP+PBO+IPTi
Delta,Uvwie,CM,IPTp,PBO(2025),No SMC,IPTi,Not-pri,CM+IPTP+PBO+IPTi
Delta,Warri North,CM,IPTp,Urban-PBO(2025),No SMC,IPTi,Not-pri,CM+IPTP+Urban-PBO+IPTi
Delta,Warri South,CM,IPTp,Urban-PBO(2025),No SMC,IPTi,Not-pri,CM+IPTP+Urban-PBO+IPTi
Delta,Warri South West,CM,IPTp,Urban-PBO(2025),No SMC,IPTi,Not-pri,CM+IPTP+Urban-PBO+IPTi
Ebonyi,Abakaliki,CM,IPTp,"PBO(2023,2026)",No SMC,IPTi,Not-pri,CM+IPTP+PBO+IPTi
Ebonyi,Afikpo North,CM,IPTp,"PBO(2023,2026)",No SMC,IPTi,Not-pri,CM+IPTP+PBO+IPTi
Ebonyi,Afikpo South,CM,IPTp,"PBO(2023,2026)",No SMC,IPTi,Not-pri,CM+IPTP+PBO+IPTi
Ebonyi,Ebonyi,CM,IPTp,"PBO(2023,2026)",No SMC,IPTi,Not-pri,CM+IPTP+PBO+IPTi
Ebonyi,Ezza North,CM,IPTp,"PBO(2023,2026)",No SMC,IPTi,Not-pri,CM+IPTP+PBO+IPTi
Ebonyi,Ezza South,CM,IPTp,"PBO(2023,2026)",No SMC,IPTi,Not-pri,CM+IPTP+PBO+IPTi
Ebonyi,Ikwo,CM,IPTp,"PBO(2023,2026)",No SMC,IPTi,Not-pri,CM+IPTP+PBO+IPTi
Ebonyi,Ishielu,CM,IPTp,"PBO(2023,2026)",No SMC,IPTi,Not-pri,CM+IPTP+PBO+IPTi
Ebonyi,Ivo,CM,IPTp,"PBO(2023,2026)",No SMC,IPTi,Not-pri,CM+IPTP+PBO+IPTi
Ebonyi,Izzi,CM,IPTp,"PBO(2023,2026)",No SMC,IPTi,Not-pri,CM+IPTP+PBO+IPTi
Ebonyi,Ohaozara,CM,IPTp,"PBO(2023,2026)",No SMC,IPTi,Not-pri,CM+IPTP+PBO+IPTi
Ebonyi,Ohaukwu,CM,IPTp,"PBO(2023,2026)",No SMC,IPTi,Not-pri,CM+IPTP+PBO+IPTi
Ebonyi,Onicha,CM,IPTp,"PBO(2023,2026)",No SMC,IPTi,Not-pri,CM+IPTP+PBO+IPTi
Edo,Akoko-Edo,CM,IPTp,PBO(2024),No SMC,IPTi,Not-pri,CM+IPTP+PBO+IPTi
Edo,Egor,CM,IPTp,Urban-PBO(2024),No SMC,IPTi,Not-pri,CM+IPTP+Urban-PBO+IPTi
Edo,Esan Central,CM,IPTp,PBO(2024),No SMC,IPTi,Not-pri,CM+IPTP+PBO+IPTi
Edo,Esan North East,CM,IPTp,PBO(2024),No SMC,IPTi,Not-pri,CM+IPTP+PBO+IPTi
Edo,Esan South East,CM,IPTp,PBO(2024),No SMC,IPTi,Not-pri,CM+IPTP+PBO+IPTi
Edo,Esan West,CM,IPTp,PBO(2024),No SMC,IPTi,Not-pri,CM+IPTP+PBO+IPTi
Edo,Etsako Central,CM,IPTp,PBO(2024),No SMC,IPTi,Not-pri,CM+IPTP+PBO+IPTi
Edo,Etsako East,CM,IPTp,PBO(2024),No SMC,IPTi,Not-pri,CM+IPTP+PBO+IPTi
Edo,Etsako West,CM,IPTp,PBO(2024),No SMC,IPTi,Not-pri,CM+IPTP+PBO+IPTi
Edo,Igueben,CM,IPTp,PBO(2024),No SMC,IPTi,Not-pri,CM+IPTP+PBO+IPTi
Edo,Ikpoba-Okha,CM,IPTp,Urban-PBO(2024),No SMC,IPTi,Not-pri,CM+IPTP+Urban-PBO+IPTi
Edo,Oredo,CM,IPTp,Urban-PBO(2024),No SMC,IPTi,Not-pri,CM+IPTP+Urban-PBO+IPTi
Edo,Orhionmwon,CM,IPTp,PBO(2024),No SMC,IPTi,Not-pri,CM+IPTP+PBO+IPTi
Edo,Ovia North East,CM,IPTp,Urban-PBO(2024),No SMC,IPTi,Not-pri,CM+IPTP+Urban-PBO+IPTi
Edo,Ovia South West,CM,IPTp,PBO(2024),No SMC,IPTi,Not-pri,CM+IPTP+PBO+IPTi
Edo,Owan East,CM,IPTp,PBO(2024),No SMC,IPTi,Not-pri,CM+IPTP+PBO+IPTi
Edo,Owan West,CM,IPTp,PBO(2024),No SMC,IPTi,Not-pri,CM+IPTP+PBO+IPTi
Edo,Uhunmwonde,CM,IPTp,Urban-PBO(2024),No SMC,IPTi,Not-pri,CM+IPTP+Urban-PBO+IPTi
Ekiti,Ado Ekiti,CM,IPTp,PBO(2024),No SMC,IPTi,Not-pri,CM+IPTP+PBO+IPTi
Ekiti,Efon-Alayee,CM,IPTp,PBO(2024),No SMC,IPTi,Not-pri,CM+IPTP+PBO+IPTi
Ekiti,Ekiti East,CM,IPTp,PBO(2024),No SMC,IPTi,Not-pri,CM+IPTP+PBO+IPTi
Ekiti,Ekiti South West,CM,IPTp,PBO(2024),No SMC,IPTi,Not-pri,CM+IPTP+PBO+IPTi
Ekiti,Ekiti West,CM,IPTp,PBO(2024),No SMC,IPTi,Not-pri,CM+IPTP+PBO+IPTi
Ekiti,Emure,CM,IPTp,PBO(2024),No SMC,IPTi,Not-pri,CM+IPTP+PBO+IPTi
Ekiti,Gboyin,CM,IPTp,PBO(2024),No SMC,IPTi,Not-pri,CM+IPTP+PBO+IPTi
Ekiti,Idosi-Osi,CM,IPTp,PBO(2024),No SMC,IPTi,Not-pri,CM+IPTP+PBO+IPTi
Ekiti,Ijero,CM,IPTp,PBO(2024),No SMC,IPTi,Not-pri,CM+IPTP+PBO+IPTi
Ekiti,Ikere,CM,IPTp,PBO(2024),No SMC,IPTi,Not-pri,CM+IPTP+PBO+IPTi
Ekiti,Ikole,CM,IPTp,PBO(2024),No SMC,IPTi,Not-pri,CM+IPTP+PBO+IPTi
Ekiti,Ilemeji,CM,IPTp,PBO(2024),No SMC,IPTi,Not-pri,CM+IPTP+PBO+IPTi
Ekiti,Irepodun/Ifelodun,CM,IPTp,PBO(2024),No SMC,IPTi,Not-pri,CM+IPTP+PBO+IPTi
Ekiti,Ise/Orun,CM,IPTp,PBO(2024),No SMC,IPTi,Not-pri,CM+IPTP+PBO+IPTi
Ekiti,Moba,CM,IPTp,PBO(2024),No SMC,IPTi,Not-pri,CM+IPTP+PBO+IPTi
Ekiti,Oye,CM,IPTp,PBO(2024),No SMC,IPTi,Not-pri,CM+IPTP+PBO+IPTi
Enugu,Aninri,CM,IPTp,PBO(2024),No SMC,IPTi,Not-pri,CM+IPTP+PBO+IPTi
Enugu,Awgu,CM,IPTp,PBO(2024),No SMC,IPTi,Not-pri,CM+IPTP+PBO+IPTi
Enugu,Enugu East,CM,IPTp,Urban-PBO(2024),No SMC,IPTi,Not-pri,CM+IPTP+Urban-PBO+IPTi
Enugu,Enugu North,CM,IPTp,Urban-PBO(2024),No SMC,IPTi,Not-pri,CM+IPTP+Urban-PBO+IPTi
Enugu,Enugu South,CM,IPTp,Urban-PBO(2024),No SMC,IPTi,Not-pri,CM+IPTP+Urban-PBO+IPTi
Enugu,Ezeagu,CM,IPTp,PBO(2024),No SMC,IPTi,Not-pri,CM+IPTP+PBO+IPTi
Enugu,Igbo-Etiti,CM,IPTp,PBO(2024),No SMC,IPTi,Not-pri,CM+IPTP+PBO+IPTi
Enugu,Igbo-Eze North,CM,IPTp,PBO(2024),No SMC,IPTi,Not-pri,CM+IPTP+PBO+IPTi
Enugu,Igbo-Eze South,CM,IPTp,PBO(2024),No SMC,IPTi,Not-pri,CM+IPTP+PBO+IPTi
Enugu,Isi-Uzo,CM,IPTp,PBO(2024),No SMC,IPTi,Not-pri,CM+IPTP+PBO+IPTi
Enugu,Nkanu East,CM,IPTp,PBO(2024),No SMC,IPTi,Not-pri,CM+IPTP+PBO+IPTi
Enugu,Nkanu West,CM,IPTp,PBO(2024),No SMC,IPTi,Not-pri,CM+IPTP+PBO+IPTi
Enugu,Nsukka,CM,IPTp,Urban-PBO(2024),No SMC,IPTi,Not-pri,CM+IPTP+Urban-PBO+IPTi
Enugu,Oji-River,CM,IPTp,PBO(2024),No SMC,IPTi,Not-pri,CM+IPTP+PBO+IPTi
Enugu,Udenu,CM,IPTp,PBO(2024),No SMC,IPTi,Not-pri,CM+IPTP+PBO+IPTi
Enugu,Udi,CM,IPTp,PBO(2024),No SMC,IPTi,Not-pri,CM+IPTP+PBO+IPTi
Enugu,Uzo-Uwani,CM,IPTp,PBO(2024),No SMC,IPTi,Not-pri,CM+IPTP+PBO+IPTi
FCT-Abuja,Abaji,CM,IPTp,Urban-PBO(2024),SMC,No IPTi,Not-pri,CM+IPTP+Urban-PBO+SMC
FCT-Abuja,Abuja Municipal,CM,IPTp,Urban-PBO(2024),SMC,No IPTi,Not-pri,CM+IPTP+Urban-PBO+SMC
FCT-Abuja,Bwari,CM,IPTp,Urban-PBO(2024),SMC,No IPTi,Not-pri,CM+IPTP+Urban-PBO+SMC
FCT-Abuja,Gwagwalada,CM,IPTp,Urban-PBO(2024),SMC,No IPTi,Not-pri,CM+IPTP+Urban-PBO+SMC
FCT-Abuja,Kuje,CM,IPTp,Urban-PBO(2024),SMC,No IPTi,Not-pri,CM+IPTP+Urban-PBO+SMC
FCT-Abuja,Kwali,CM,IPTp,PBO(2024),SMC,No IPTi,Not-pri,CM+IPTP+PBO+SMC
Gombe,Akko,CM,IPTp,PBO(2024),SMC,No IPTi,Not-pri,CM+IPTP+PBO+SMC
Gombe,Balanga,CM,IPTp,PBO(2024),SMC,No IPTi,Not-pri,CM+IPTP+PBO+SMC
Gombe,Billiri,CM,IPTp,PBO(2024),SMC,No IPTi,Not-pri,CM+IPTP+PBO+SMC
Gombe,Dukku,CM,IPTp,PBO(2024),SMC,No IPTi,Not-pri,CM+IPTP+PBO+SMC
Gombe,Funakaye,CM,IPTp,PBO(2024),SMC,No IPTi,Not-pri,CM+IPTP+PBO+SMC
Gombe,Gombe,CM,IPTp,PBO(2024),SMC,No IPTi,Not-pri,CM+IPTP+PBO+SMC
Gombe,Kaltungo,CM,IPTp,PBO(2024),SMC,No IPTi,Not-pri,CM+IPTP+PBO+SMC
Gombe,Kwami,CM,IPTp,PBO(2024),SMC,No IPTi,Not-pri,CM+IPTP+PBO+SMC
Gombe,Nafada,CM,IPTp,PBO(2024),SMC,No IPTi,Not-pri,CM+IPTP+PBO+SMC
Gombe,Shomgom,CM,IPTp,PBO(2024),SMC,No IPTi,Not-pri,CM+IPTP+PBO+SMC
Gombe,Yamaltu/Deba,CM,IPTp,PBO(2024),SMC,No IPTi,Not-pri,CM+IPTP+PBO+SMC
Imo,Aboh-Mbaise,CM,IPTp,PBO(2024),No SMC,IPTi,Not-pri,CM+IPTP+PBO+IPTi
Imo,Ahiazu-Mbaise,CM,IPTp,PBO(2024),No SMC,IPTi,Not-pri,CM+IPTP+PBO+IPTi
Imo,Ehime-Mbano,CM,IPTp,PBO(2024),No SMC,IPTi,Not-pri,CM+IPTP+PBO+IPTi
Imo,Ezinihitte,CM,IPTp,PBO(2024),No SMC,IPTi,Not-pri,CM+IPTP+PBO+IPTi
Imo,Ideato North,CM,IPTp,PBO(2024),No SMC,IPTi,Not-pri,CM+IPTP+PBO+IPTi
Imo,Ideato South,CM,IPTp,PBO(2024),No SMC,IPTi,Not-pri,CM+IPTP+PBO+IPTi
Imo,Ihitte/Uboma,CM,IPTp,PBO(2024),No SMC,IPTi,Not-pri,CM+IPTP+PBO+IPTi
Imo,Ikeduru,CM,IPTp,PBO(2024),No SMC,IPTi,Not-pri,CM+IPTP+PBO+IPTi
Imo,Isiala Mbano,CM,IPTp,PBO(2024),No SMC,IPTi,Not-pri,CM+IPTP+PBO+IPTi
Imo,Isu,CM,IPTp,PBO(2024),No SMC,IPTi,Not-pri,CM+IPTP+PBO+IPTi
Imo,Mbaitoli,CM,IPTp,PBO(2024),No SMC,IPTi,Not-pri,CM+IPTP+PBO+IPTi
Imo,Ngor-Okpala,CM,IPTp,PBO(2024),No SMC,IPTi,Not-pri,CM+IPTP+PBO+IPTi
Imo,Njaba,CM,IPTp,PBO(2024),No SMC,IPTi,Not-pri,CM+IPTP+PBO+IPTi
Imo,Nkwerre,CM,IPTp,PBO(2024),No SMC,IPTi,Not-pri,CM+IPTP+PBO+IPTi
Imo,Nwangele,CM,IPTp,PBO(2024),No SMC,IPTi,Not-pri,CM+IPTP+PBO+IPTi
Imo,Obowo,CM,IPTp,PBO(2024),No SMC,IPTi,Not-pri,CM+IPTP+PBO+IPTi
Imo,Oguta,CM,IPTp,PBO(2024),No SMC,IPTi,Not-pri,CM+IPTP+PBO+IPTi
Imo,Ohaji/Egbema,CM,IPTp,PBO(2024),No SMC,IPTi,Not-pri,CM+IPTP+PBO+IPTi
Imo,Okigwe,CM,IPTp,PBO(2024),No SMC,IPTi,Not-pri,CM+IPTP+PBO+IPTi
Imo,Orlu,CM,IPTp,PBO(2024),No SMC,IPTi,Not-pri,CM+IPTP+PBO+IPTi
Imo,Orsu,CM,IPTp,PBO(2024),No SMC,IPTi,Not-pri,CM+IPTP+PBO+IPTi
Imo,Oru East,CM,IPTp,PBO(2024),No SMC,IPTi,Not-pri,CM+IPTP+PBO+IPTi
Imo,Oru West,CM,IPTp,PBO(2024),No SMC,IPTi,Not-pri,CM+IPTP+PBO+IPTi
Imo,Owerri North,CM,IPTp,Urban-PBO(2024),No SMC,IPTi,Not-pri,CM+IPTP+Urban-PBO+IPTi
Imo,Owerri West,CM,IPTp,Urban-PBO(2024),No SMC,IPTi,Not-pri,CM+IPTP+Urban-PBO+IPTi
Imo,Owerri-Municipal,CM,IPTp,Urban-PBO(2024),No SMC,IPTi,Not-pri,CM+IPTP+Urban-PBO+IPTi
Imo,Unuimo,CM,IPTp,PBO(2024),No SMC,IPTi,Not-pri,CM+IPTP+PBO+IPTi
Jigawa,Auyo,CM,IPTp,Dual AI(2024),SMC,No IPTi,Not-pri,CM+IPTP+Dual AI+SMC
Jigawa,Babura,CM,IPTp,Dual AI(2024),SMC,No IPTi,Not-pri,CM+IPTP+Dual AI+SMC
Jigawa,Biriniwa,CM,IPTp,Dual AI(2024),SMC,No IPTi,Not-pri,CM+IPTP+Dual AI+SMC
Jigawa,Birni Kudu,CM,IPTp,Dual AI(2024),SMC,No IPTi,Not-pri,CM+IPTP+Dual AI+SMC
Jigawa,Buji,CM,IPTp,Dual AI(2024),SMC,No IPTi,Not-pri,CM+IPTP+Dual AI+SMC
Jigawa,Dutse,CM,IPTp,Dual AI(2024),SMC,No IPTi,Not-pri,CM+IPTP+Dual AI+SMC
Jigawa,Gagarawa,CM,IPTp,Dual AI(2024),SMC,No IPTi,Not-pri,CM+IPTP+Dual AI+SMC
Jigawa,Garki,CM,IPTp,Dual AI(2024),SMC,No IPTi,Not-pri,CM+IPTP+Dual AI+SMC
Jigawa,Gumel,CM,IPTp,Dual AI(2024),SMC,No IPTi,Not-pri,CM+IPTP+Dual AI+SMC
Jigawa,Guri,CM,IPTp,Dual AI(2024),SMC,No IPTi,Not-pri,CM+IPTP+Dual AI+SMC
Jigawa,Gwaram,CM,IPTp,Dual AI(2024),SMC,No IPTi,Not-pri,CM+IPTP+Dual AI+SMC
Jigawa,Gwiwa,CM,IPTp,Dual AI(2024),SMC,No IPTi,Not-pri,CM+IPTP+Dual AI+SMC
Jigawa,Hadejia,CM,IPTp,Dual AI(2024),SMC,No IPTi,Not-pri,CM+IPTP+Dual AI+SMC
Jigawa,Jahun,CM,IPTp,Dual AI(2024),SMC,No IPTi,Not-pri,CM+IPTP+Dual AI+SMC
Jigawa,Kafin Hausa,CM,IPTp,Dual AI(2024),SMC,No IPTi,Not-pri,CM+IPTP+Dual AI+SMC
Jigawa,Kaugama,CM,IPTp,Dual AI(2024),SMC,No IPTi,Not-pri,CM+IPTP+Dual AI+SMC
Jigawa,Kazaure,CM,IPTp,Dual AI(2024),SMC,No IPTi,Not-pri,CM+IPTP+Dual AI+SMC
Jigawa,Kiri Kasamma,CM,IPTp,Dual AI(2024),SMC,No IPTi,Not-pri,CM+IPTP+Dual AI+SMC
Jigawa,Maigatari,CM,IPTp,Dual AI(2024),SMC,No IPTi,Not-pri,CM+IPTP+Dual AI+SMC
Jigawa,Malam Madori,CM,IPTp,Dual AI(2024),SMC,No IPTi,Not-pri,CM+IPTP+Dual AI+SMC
Jigawa,Miga,CM,IPTp,Dual AI(2024),SMC,No IPTi,Not-pri,CM+IPTP+Dual AI+SMC
Jigawa,Ringim,CM,IPTp,Dual AI(2024),SMC,No IPTi,Not-pri,CM+IPTP+Dual AI+SMC
Jigawa,Roni,CM,IPTp,Dual AI(2024),SMC,No IPTi,Not-pri,CM+IPTP+Dual AI+SMC
Jigawa,Sule-Tankarkar,CM,IPTp,Dual AI(2024),SMC,No IPTi,Not-pri,CM+IPTP+Dual AI+SMC
Jigawa,Taura,CM,IPTp,Dual AI(2024),SMC,No IPTi,Not-pri,CM+IPTP+Dual AI+SMC
Jigawa,Yankwashi,CM,IPTp,Dual AI(2024),SMC,No IPTi,Not-pri,CM+IPTP+Dual AI+SMC
Jigawa,kiyawa,CM,IPTp,Dual AI(2024),SMC,No IPTi,Not-pri,CM+IPTP+Dual AI+SMC
Kaduna,Birnin-Gwari,CM,IPTp,Dual AI(2025),SMC,No IPTi,Not-pri,CM+IPTP+Dual AI+SMC
Kaduna,Chikun,CM,IPTp,Urban-Dual AI(2025),SMC,No IPTi,Not-pri,CM+IPTP+Urban-Dual AI+SMC
Kaduna,Giwa,CM,IPTp,Urban-Dual AI(2025),SMC,No IPTi,Not-pri,CM+IPTP+Urban-Dual AI+SMC
Kaduna,Igabi,CM,IPTp,Urban-Dual AI(2025),SMC,No IPTi,Not-pri,CM+IPTP+Urban-Dual AI+SMC
Kaduna,Ikara,CM,IPTp,Dual AI(2025),SMC,No IPTi,Not-pri,CM+IPTP+Dual AI+SMC
Kaduna,Jaba,CM,IPTp,Dual AI(2025),SMC,No IPTi,Not-pri,CM+IPTP+Dual AI+SMC
Kaduna,Jema'a,CM,IPTp,Dual AI(2025),SMC,No IPTi,Not-pri,CM+IPTP+Dual AI+SMC
Kaduna,Kachia,CM,IPTp,Dual AI(2025),SMC,No IPTi,Not-pri,CM+IPTP+Dual AI+SMC
Kaduna,Kaduna North,CM,IPTp,Urban-Dual AI(2025),SMC,No IPTi,Not-pri,CM+IPTP+Urban-Dual AI+SMC
Kaduna,Kaduna South,CM,IPTp,Urban-Dual AI(2025),SMC,No IPTi,Not-pri,CM+IPTP+Urban-Dual AI+SMC
Kaduna,Kagarko,CM,IPTp,Dual AI(2025),SMC,No IPTi,Not-pri,CM+IPTP+Dual AI+SMC
Kaduna,Kajuru,CM,IPTp,Dual AI(2025),SMC,No IPTi,Not-pri,CM+IPTP+Dual AI+SMC
Kaduna,Kaura,CM,IPTp,Dual AI(2025),SMC,No IPTi,Not-pri,CM+IPTP+Dual AI+SMC
Kaduna,Kauru,CM,IPTp,Dual AI(2025),SMC,No IPTi,Not-pri,CM+IPTP+Dual AI+SMC
Kaduna,Kubau,CM,IPTp,Dual AI(2025),SMC,No IPTi,Not-pri,CM+IPTP+Dual AI+SMC
Kaduna,Kudan,CM,IPTp,Dual AI(2025),SMC,No IPTi,Not-pri,CM+IPTP+Dual AI+SMC
Kaduna,Lere,CM,IPTp,Dual AI(2025),SMC,No IPTi,Not-pri,CM+IPTP+Dual AI+SMC
Kaduna,Markafi,CM,IPTp,Dual AI(2025),SMC,No IPTi,Not-pri,CM+IPTP+Dual AI+SMC
Kaduna,Sabon-Gari,CM,IPTp,Urban-Dual AI(2025),SMC,No IPTi,Not-pri,CM+IPTP+Urban-Dual AI+SMC
Kaduna,Sanga,CM,IPTp,Dual AI(2025),SMC,No IPTi,Not-pri,CM+IPTP+Dual AI+SMC
Kaduna,Soba,CM,IPTp,Urban-Dual AI(2025),SMC,No IPTi,Not-pri,CM+IPTP+Urban-Dual AI+SMC
Kaduna,Zango-Kataf,CM,IPTp,Dual AI(2025),SMC,No IPTi,Not-pri,CM+IPTP+Dual AI+SMC
Kaduna,Zaria,CM,IPTp,Urban-Dual AI(2025),SMC,No IPTi,Not-pri,CM+IPTP+Urban-Dual AI+SMC
Kano,Ajingi,CM,IPTp,Dual AI(2025),SMC,No IPTi,Not-pri,CM+IPTP+Dual AI+SMC
Kano,Albasu,CM,IPTp,Dual AI(2025),SMC,No IPTi,Not-pri,CM+IPTP+Dual AI+SMC
Kano,Bagwai,CM,IPTp,Dual AI(2025),SMC,No IPTi,Not-pri,CM+IPTP+Dual AI+SMC
Kano,Bebeji,CM,IPTp,Dual AI(2025),SMC,No IPTi,Not-pri,CM+IPTP+Dual AI+SMC
Kano,Bichi,CM,IPTp,Dual AI(2025),SMC,No IPTi,Not-pri,CM+IPTP+Dual AI+SMC
Kano,Bunkure,CM,IPTp,Dual AI(2025),SMC,No IPTi,Not-pri,CM+IPTP+Dual AI+SMC
Kano,Dala,CM,IPTp,Urban-Dual AI(2025),SMC,No IPTi,Not-pri,CM+IPTP+Urban-Dual AI+SMC
Kano,Dambatta,CM,IPTp,Dual AI(2025),SMC,No IPTi,Not-pri,CM+IPTP+Dual AI+SMC
Kano,Dawakin Kudu,CM,IPTp,Dual AI(2025),SMC,No IPTi,Not-pri,CM+IPTP+Dual AI+SMC
Kano,Dawakin Tofa,CM,IPTp,Dual AI(2025),SMC,No IPTi,Not-pri,CM+IPTP+Dual AI+SMC
Kano,Doguwa,CM,IPTp,Dual AI(2025),SMC,No IPTi,Not-pri,CM+IPTP+Dual AI+SMC
Kano,Fagge,CM,IPTp,Urban-Dual AI(2025),SMC,No IPTi,Not-pri,CM+IPTP+Urban-Dual AI+SMC
Kano,Gabasawa,CM,IPTp,Dual AI(2025),SMC,No IPTi,Not-pri,CM+IPTP+Dual AI+SMC
Kano,Garko,CM,IPTp,Dual AI(2025),SMC,No IPTi,Not-pri,CM+IPTP+Dual AI+SMC
Kano,Garum Mallam,CM,IPTp,Dual AI(2025),SMC,No IPTi,Not-pri,CM+IPTP+Dual AI+SMC
Kano,Gaya,CM,IPTp,Dual AI(2025),SMC,No IPTi,Not-pri,CM+IPTP+Dual AI+SMC
Kano,Gezawa,CM,IPTp,Dual AI(2025),SMC,No IPTi,Not-pri,CM+IPTP+Dual AI+SMC
Kano,Gwale,CM,IPTp,Urban-Dual AI(2025),SMC,No IPTi,Not-pri,CM+IPTP+Urban-Dual AI+SMC
Kano,Gwarzo,CM,IPTp,Dual AI(2025),SMC,No IPTi,Not-pri,CM+IPTP+Dual AI+SMC
Kano,Kabo,CM,IPTp,Dual AI(2025),SMC,No IPTi,Not-pri,CM+IPTP+Dual AI+SMC
Kano,Kano Municipal,CM,IPTp,Urban-Dual AI(2025),SMC,No IPTi,Not-pri,CM+IPTP+Urban-Dual AI+SMC
Kano,Karaye,CM,IPTp,Dual AI(2025),SMC,No IPTi,Not-pri,CM+IPTP+Dual AI+SMC
Kano,Kibiya,CM,IPTp,Dual AI(2025),SMC,No IPTi,Not-pri,CM+IPTP+Dual AI+SMC
Kano,Kiru,CM,IPTp,Dual AI(2025),SMC,No IPTi,Not-pri,CM+IPTP+Dual AI+SMC
Kano,Kumbotso,CM,IPTp,Urban-Dual AI(2025),SMC,No IPTi,Not-pri,CM+IPTP+Urban-Dual AI+SMC
Kano,Kunchi,CM,IPTp,Dual AI(2025),SMC,No IPTi,Not-pri,CM+IPTP+Dual AI+SMC
Kano,Kura,CM,IPTp,Dual AI(2025),SMC,No IPTi,Not-pri,CM+IPTP+Dual AI+SMC
Kano,Madobi,CM,IPTp,Dual AI(2025),SMC,No IPTi,Not-pri,CM+IPTP+Dual AI+SMC
Kano,Makoda,CM,IPTp,Dual AI(2025),SMC,No IPTi,Not-pri,CM+IPTP+Dual AI+SMC
Kano,Minjibir,CM,IPTp,Dual AI(2025),SMC,No IPTi,Not-pri,CM+IPTP+Dual AI+SMC
Kano,Nasarawa1,CM,IPTp,Urban-Dual AI(2025),SMC,No IPTi,Not-pri,CM+IPTP+Urban-Dual AI+SMC
Kano,Rano,CM,IPTp,Dual AI(2025),SMC,No IPTi,Not-pri,CM+IPTP+Dual AI+SMC
Kano,Rimin Gado,CM,IPTp,Dual AI(2025),SMC,No IPTi,Not-pri,CM+IPTP+Dual AI+SMC
Kano,Rogo,CM,IPTp,Dual AI(2025),SMC,No IPTi,Not-pri,CM+IPTP+Dual AI+SMC
Kano,Shanono,CM,IPTp,Dual AI(2025),SMC,No IPTi,Not-pri,CM+IPTP+Dual AI+SMC
Kano,Sumaila,CM,IPTp,Dual AI(2025),SMC,No IPTi,Not-pri,CM+IPTP+Dual AI+SMC
Kano,Takali,CM,IPTp,Dual AI(2025),SMC,No IPTi,Not-pri,CM+IPTP+Dual AI+SMC
Kano,Tarauni,CM,IPTp,Urban-Dual AI(2025),SMC,No IPTi,Not-pri,CM+IPTP+Urban-Dual AI+SMC
Kano,Tofa,CM,IPTp,Dual AI(2025),SMC,No IPTi,Not-pri,CM+IPTP+Dual AI+SMC
Kano,Tsanyawa,CM,IPTp,Dual AI(2025),SMC,No IPTi,Not-pri,CM+IPTP+Dual AI+SMC
Kano,Tudun Wada,CM,IPTp,Dual AI(2025),SMC,No IPTi,Not-pri,CM+IPTP+Dual AI+SMC
Kano,Ungogo,CM,IPTp,Dual AI(2025),SMC,No IPTi,Not-pri,CM+IPTP+Dual AI+SMC
Kano,Warawa,CM,IPTp,Dual AI(2025),SMC,No IPTi,Not-pri,CM+IPTP+Dual AI+SMC
Kano,Wudil,CM,IPTp,Dual AI(2025),SMC,No IPTi,Not-pri,CM+IPTP+Dual AI+SMC
Katsina,Bakori,CM,IPTp,Dual AI(2024),SMC,No IPTi,Not-pri,CM+IPTP+Dual AI+SMC
Katsina,Batagarawa,CM,IPTp,Dual AI(2024),SMC,No IPTi,Not-pri,CM+IPTP+Dual AI+SMC
Katsina,Batsari,CM,IPTp,Dual AI(2024),SMC,No IPTi,Not-pri,CM+IPTP+Dual AI+SMC
Katsina,Baure,CM,IPTp,Dual AI(2024),SMC,No IPTi,Not-pri,CM+IPTP+Dual AI+SMC
Katsina,Bindawa,CM,IPTp,Dual AI(2024),SMC,No IPTi,Not-pri,CM+IPTP+Dual AI+SMC
Katsina,Charanchi,CM,IPTp,Dual AI(2024),SMC,No IPTi,Not-pri,CM+IPTP+Dual AI+SMC
Katsina,Dan Musa,CM,IPTp,Dual AI(2024),SMC,No IPTi,Not-pri,CM+IPTP+Dual AI+SMC
Katsina,Dandume,CM,IPTp,Dual AI(2024),SMC,No IPTi,Not-pri,CM+IPTP+Dual AI+SMC
Katsina,Danja,CM,IPTp,Dual AI(2024),SMC,No IPTi,Not-pri,CM+IPTP+Dual AI+SMC
Katsina,Daura,CM,IPTp,Dual AI(2024),SMC,No IPTi,Not-pri,CM+IPTP+Dual AI+SMC
Katsina,Dutsi,CM,IPTp,Dual AI(2024),SMC,No IPTi,Not-pri,CM+IPTP+Dual AI+SMC
Katsina,Dutsin-Ma,CM,IPTp,Dual AI(2024),SMC,No IPTi,Not-pri,CM+IPTP+Dual AI+SMC
Katsina,Faskari,CM,IPTp,Dual AI(2024),SMC,No IPTi,Not-pri,CM+IPTP+Dual AI+SMC
Katsina,Funtua,CM,IPTp,Dual AI(2024),SMC,No IPTi,Not-pri,CM+IPTP+Dual AI+SMC
Katsina,Ingawa,CM,IPTp,Dual AI(2024),SMC,No IPTi,Not-pri,CM+IPTP+Dual AI+SMC
Katsina,Jibia,CM,IPTp,Dual AI(2024),SMC,No IPTi,Not-pri,CM+IPTP+Dual AI+SMC
Katsina,Kafur,CM,IPTp,Dual AI(2024),SMC,No IPTi,Not-pri,CM+IPTP+Dual AI+SMC
Katsina,Kankara,CM,IPTp,Dual AI(2024),SMC,No IPTi,Not-pri,CM+IPTP+Dual AI+SMC
Katsina,Kankia,CM,IPTp,Dual AI(2024),SMC,No IPTi,Not-pri,CM+IPTP+Dual AI+SMC
Katsina,Katsina,CM,IPTp,Dual AI(2024),SMC,No IPTi,Not-pri,CM+IPTP+Dual AI+SMC
Katsina,Kurfi,CM,IPTp,Dual AI(2024),SMC,No IPTi,Not-pri,CM+IPTP+Dual AI+SMC
Katsina,Kusada,CM,IPTp,Dual AI(2024),SMC,No IPTi,Not-pri,CM+IPTP+Dual AI+SMC
Katsina,Mai'Adua,CM,IPTp,Dual AI(2024),SMC,No IPTi,Not-pri,CM+IPTP+Dual AI+SMC
Katsina,Malumfashi,CM,IPTp,Dual AI(2024),SMC,No IPTi,Not-pri,CM+IPTP+Dual AI+SMC
Katsina,Mani,CM,IPTp,Dual AI(2024),SMC,No IPTi,Not-pri,CM+IPTP+Dual AI+SMC
Katsina,Mashi,CM,IPTp,Dual AI(2024),SMC,No IPTi,Not-pri,CM+IPTP+Dual AI+SMC
Katsina,Matazuu,CM,IPTp,Dual AI(2024),SMC,No IPTi,Not-pri,CM+IPTP+Dual AI+SMC
Katsina,Musawa,CM,IPTp,Dual AI(2024),SMC,No IPTi,Not-pri,CM+IPTP+Dual AI+SMC
Katsina,Rimi,CM,IPTp,Dual AI(2024),SMC,No IPTi,Not-pri,CM+IPTP+Dual AI+SMC
Katsina,Sabuwa,CM,IPTp,Dual AI(2024),SMC,No IPTi,Not-pri,CM+IPTP+Dual AI+SMC
Katsina,Safana,CM,IPTp,Dual AI(2024),SMC,No IPTi,Not-pri,CM+IPTP+Dual AI+SMC
Katsina,Sandamu,CM,IPTp,Dual AI(2024),SMC,No IPTi,Not-pri,CM+IPTP+Dual AI+SMC
Katsina,Zango,CM,IPTp,Dual AI(2024),SMC,No IPTi,Not-pri,CM+IPTP+Dual AI+SMC
Katsina,kaita,CM,IPTp,Dual AI(2024),SMC,No IPTi,Not-pri,CM+IPTP+Dual AI+SMC
Kebbi,Aleiro,CM,IPTp,PBO(2024),SMC,No IPTi,Not-pri,CM+IPTP+PBO+SMC
Kebbi,Arewa-Dandi,CM,IPTp,PBO(2024),SMC,No IPTi,Not-pri,CM+IPTP+PBO+SMC
Kebbi,Argungu,CM,IPTp,PBO(2024),SMC,No IPTi,Vac-pri,CM+IPTP+PBO+SMC+Vac-pri
Kebbi,Augie,CM,IPTp,PBO(2024),SMC,No IPTi,Vac-pri,CM+IPTP+PBO+SMC+Vac-pri
Kebbi,Bagudo,CM,IPTp,PBO(2024),SMC,No IPTi,Vac-pri,CM+IPTP+PBO+SMC+Vac-pri
Kebbi,Birnin Kebbi,CM,IPTp,PBO(2024),SMC,No IPTi,Vac-pri,CM+IPTP+PBO+SMC+Vac-pri
Kebbi,Bunza,CM,IPTp,PBO(2024),SMC,No IPTi,Vac-pri,CM+IPTP+PBO+SMC+Vac-pri
Kebbi,Dandi,CM,IPTp,PBO(2024),SMC,No IPTi,Vac-pri,CM+IPTP+PBO+SMC+Vac-pri
Kebbi,Fakai,CM,IPTp,PBO(2024),SMC,No IPTi,Vac-pri,CM+IPTP+PBO+SMC+Vac-pri
Kebbi,Gwandu,CM,IPTp,PBO(2024),SMC,No IPTi,Vac-pri,CM+IPTP+PBO+SMC+Vac-pri
Kebbi,Jega,CM,IPTp,PBO(2024),SMC,No IPTi,Vac-pri,CM+IPTP+PBO+SMC+Vac-pri
Kebbi,Kalgo,CM,IPTp,PBO(2024),SMC,No IPTi,Vac-pri,CM+IPTP+PBO+SMC+Vac-pri
Kebbi,Koko/Besse,CM,IPTp,PBO(2024),SMC,No IPTi,Vac-pri,CM+IPTP+PBO+SMC+Vac-pri
Kebbi,Maiyama,CM,IPTp,PBO(2024),SMC,No IPTi,Not-pri,CM+IPTP+PBO+SMC
Kebbi,Ngaski,CM,IPTp,PBO(2024),SMC,No IPTi,Not-pri,CM+IPTP+PBO+SMC
Kebbi,Sakaba,CM,IPTp,PBO(2024),SMC,No IPTi,Not-pri,CM+IPTP+PBO+SMC
Kebbi,Shanga,CM,IPTp,PBO(2024),SMC,No IPTi,Vac-pri,CM+IPTP+PBO+SMC+Vac-pri
Kebbi,Suru,CM,IPTp,PBO(2024),SMC,No IPTi,Vac-pri,CM+IPTP+PBO+SMC+Vac-pri
Kebbi,Wasagu/Danko,CM,IPTp,PBO(2024),SMC,No IPTi,Not-pri,CM+IPTP+PBO+SMC
Kebbi,Yauri,CM,IPTp,PBO(2024),SMC,No IPTi,Vac-pri,CM+IPTP+PBO+SMC+Vac-pri
Kebbi,Zuru,CM,IPTp,PBO(2024),SMC,No IPTi,Vac-pri,CM+IPTP+PBO+SMC+Vac-pri
Kogi,Adavi,CM,IPTp,PBO(2024),SMC,No IPTi,Not-pri,CM+IPTP+PBO+SMC
Kogi,Ajaokuta,CM,IPTp,PBO(2024),SMC,No IPTi,Not-pri,CM+IPTP+PBO+SMC
Kogi,Ankpa,CM,IPTp,PBO(2024),No SMC,IPTi,Not-pri,CM+IPTP+PBO+IPTi
Kogi,Bassa1,CM,IPTp,PBO(2024),SMC,No IPTi,Not-pri,CM+IPTP+PBO+SMC
Kogi,Dekina,CM,IPTp,PBO(2024),No SMC,IPTi,Not-pri,CM+IPTP+PBO+IPTi
Kogi,Ibaji,CM,IPTp,PBO(2024),No SMC,IPTi,Not-pri,CM+IPTP+PBO+IPTi
Kogi,Idah,CM,IPTp,PBO(2024),No SMC,IPTi,Not-pri,CM+IPTP+PBO+IPTi
Kogi,Igalamela-Odolu,CM,IPTp,PBO(2024),No SMC,IPTi,Not-pri,CM+IPTP+PBO+IPTi
Kogi,Ijumu,CM,IPTp,PBO(2024),No SMC,IPTi,Not-pri,CM+IPTP+PBO+IPTi
Kogi,Kabba/Bunu,CM,IPTp,PBO(2024),No SMC,IPTi,Not-pri,CM+IPTP+PBO+IPTi
Kogi,Kogi,CM,IPTp,PBO(2024),SMC,No IPTi,Not-pri,CM+IPTP+PBO+SMC
Kogi,Lokoja,CM,IPTp,PBO(2024),SMC,No IPTi,Not-pri,CM+IPTP+PBO+SMC
Kogi,Mopa-Muro,CM,IPTp,PBO(2024),No SMC,IPTi,Not-pri,CM+IPTP+PBO+IPTi
Kogi,Ofu,CM,IPTp,PBO(2024),No SMC,IPTi,Not-pri,CM+IPTP+PBO+IPTi
Kogi,Ogori/Mangongo,CM,IPTp,PBO(2024),No SMC,IPTi,Not-pri,CM+IPTP+PBO+IPTi
Kogi,Okehi,CM,IPTp,PBO(2024),SMC,No IPTi,Not-pri,CM+IPTP+PBO+SMC
Kogi,Okene,CM,IPTp,PBO(2024),No SMC,IPTi,Not-pri,CM+IPTP+PBO+IPTi
Kogi,Olamabolo,CM,IPTp,PBO(2024),No SMC,IPTi,Not-pri,CM+IPTP+PBO+IPTi
Kogi,Omala,CM,IPTp,PBO(2024),SMC,No IPTi,Not-pri,CM+IPTP+PBO+SMC
Kogi,Yagba East,CM,IPTp,PBO(2024),SMC,No IPTi,Not-pri,CM+IPTP+PBO+SMC
Kogi,Yagba West,CM,IPTp,PBO(2024),SMC,No IPTi,Not-pri,CM+IPTP+PBO+SMC
Kwara,Asa,CM,IPTp,"Dual AI(2023,2026)",SMC,No IPTi,Not-pri,CM+IPTP+Dual AI+SMC
Kwara,Baruten,CM,IPTp,"Dual AI(2023,2026)",SMC,No IPTi,Not-pri,CM+IPTP+Dual AI+SMC
Kwara,Edu,CM,IPTp,"Dual AI(2023,2026)",SMC,No IPTi,Not-pri,CM+IPTP+Dual AI+SMC
Kwara,Ekiti,CM,IPTp,"Dual AI(2023,2026)",No SMC,IPTi,Not-pri,CM+IPTP+Dual AI+IPTi
Kwara,Ifelodun1,CM,IPTp,"Dual AI(2023,2026)",SMC,No IPTi,Not-pri,CM+IPTP+Dual AI+SMC
Kwara,Ilorin East,CM,IPTp,"Urban-Dual AI(2023,2026)",SMC,No IPTi,Not-pri,CM+IPTP+Urban-Dual AI+SMC
Kwara,Ilorin South,CM,IPTp,"Urban-Dual AI(2023,2026)",SMC,No IPTi,Not-pri,CM+IPTP+Urban-Dual AI+SMC
Kwara,Ilorin West,CM,IPTp,"Urban-Dual AI(2023,2026)",SMC,No IPTi,Not-pri,CM+IPTP+Urban-Dual AI+SMC
Kwara,Irepodun1,CM,IPTp,"Dual AI(2023,2026)",No SMC,IPTi,Not-pri,CM+IPTP+Dual AI+IPTi
Kwara,Isin,CM,IPTp,"Dual AI(2023,2026)",No SMC,IPTi,Not-pri,CM+IPTP+Dual AI+IPTi
Kwara,Kaiama,CM,IPTp,"Dual AI(2023,2026)",SMC,No IPTi,Not-pri,CM+IPTP+Dual AI+SMC
Kwara,Moro,CM,IPTp,"Dual AI(2023,2026)",SMC,No IPTi,Not-pri,CM+IPTP+Dual AI+SMC
Kwara,Offa,CM,IPTp,"Dual AI(2023,2026)",No SMC,IPTi,Not-pri,CM+IPTP+Dual AI+IPTi
Kwara,Oke-Ero,CM,IPTp,"Dual AI(2023,2026)",SMC,No IPTi,Not-pri,CM+IPTP+Dual AI+SMC
Kwara,Oyun,CM,IPTp,"Dual AI(2023,2026)",No SMC,IPTi,Not-pri,CM+IPTP+Dual AI+IPTi
Kwara,Pategi,CM,IPTp,"Dual AI(2023,2026)",SMC,No IPTi,Not-pri,CM+IPTP+Dual AI+SMC
Lagos,Agege,CM,IPTp,Urban-PBO(2024),No SMC,IPTi,Not-pri,CM+IPTP+Urban-PBO+IPTi
Lagos,Ajeromi-Ifelodun,CM,IPTp,Urban-PBO(2024),No SMC,No IPTi,Not-pri,CM+IPTP+Urban-PBO
Lagos,Alimosho,CM,IPTp,Urban-PBO(2024),No SMC,IPTi,Not-pri,CM+IPTP+Urban-PBO+IPTi
Lagos,Amuwo-Odofin,CM,IPTp,Urban-PBO(2024),No SMC,IPTi,Not-pri,CM+IPTP+Urban-PBO+IPTi
Lagos,Apapa,CM,IPTp,Urban-PBO(2024),No SMC,No IPTi,Not-pri,CM+IPTP+Urban-PBO
Lagos,Badagry,CM,IPTp,PBO(2024),No SMC,IPTi,Not-pri,CM+IPTP+PBO+IPTi
Lagos,Epe,CM,IPTp,PBO(2024),No SMC,IPTi,Not-pri,CM+IPTP+PBO+IPTi
Lagos,Eti-Osa,CM,IPTp,Urban-PBO(2024),No SMC,IPTi,Not-pri,CM+IPTP+Urban-PBO+IPTi
Lagos,Ibeju/Lekki,CM,IPTp,PBO(2024),No SMC,IPTi,Not-pri,CM+IPTP+PBO+IPTi
Lagos,Ifako-Ijaye,CM,IPTp,Urban-PBO(2024),No SMC,IPTi,Not-pri,CM+IPTP+Urban-PBO+IPTi
Lagos,Ikeja,CM,IPTp,Urban-PBO(2024),No SMC,IPTi,Not-pri,CM+IPTP+Urban-PBO+IPTi
Lagos,Ikorodu,CM,IPTp,PBO(2024),No SMC,IPTi,Not-pri,CM+IPTP+PBO+IPTi
Lagos,Kosofe,CM,IPTp,Urban-PBO(2024),No SMC,IPTi,Not-pri,CM+IPTP+Urban-PBO+IPTi
Lagos,Lagos Island,CM,IPTp,Urban-PBO(2024),No SMC,IPTi,Not-pri,CM+IPTP+Urban-PBO+IPTi
Lagos,Lagos Mainland,CM,IPTp,Urban-PBO(2024),No SMC,IPTi,Not-pri,CM+IPTP+Urban-PBO+IPTi
Lagos,Mushin,CM,IPTp,Urban-PBO(2024),No SMC,No IPTi,Not-pri,CM+IPTP+Urban-PBO
Lagos,Ojo,CM,IPTp,Urban-PBO(2024),No SMC,IPTi,Not-pri,CM+IPTP+Urban-PBO+IPTi
Lagos,Oshodi-Isolo,CM,IPTp,Urban-PBO(2024),No SMC,No IPTi,Not-pri,CM+IPTP+Urban-PBO
Lagos,Shomolu,CM,IPTp,Urban-PBO(2024),No SMC,IPTi,Not-pri,CM+IPTP+Urban-PBO+IPTi
Lagos,Surulere1,CM,IPTp,Urban-PBO(2024),No SMC,No IPTi,Not-pri,CM+IPTP+Urban-PBO
Nasarawa,Akwanga,CM,IPTp,PBO(2025),SMC,No IPTi,Not-pri,CM+IPTP+PBO+SMC
Nasarawa,Awe,CM,IPTp,PBO(2025),SMC,No IPTi,Not-pri,CM+IPTP+PBO+SMC
Nasarawa,Doma,CM,IPTp,PBO(2025),SMC,No IPTi,Not-pri,CM+IPTP+PBO+SMC
Nasarawa,Karu,CM,IPTp,PBO(2025),SMC,No IPTi,Not-pri,CM+IPTP+PBO+SMC
Nasarawa,Keana,CM,IPTp,PBO(2025),SMC,No IPTi,Not-pri,CM+IPTP+PBO+SMC
Nasarawa,Keffi,CM,IPTp,PBO(2025),SMC,No IPTi,Not-pri,CM+IPTP+PBO+SMC
Nasarawa,Kokona,CM,IPTp,PBO(2025),SMC,No IPTi,Not-pri,CM+IPTP+PBO+SMC
Nasarawa,Lafia,CM,IPTp,PBO(2025),SMC,No IPTi,Not-pri,CM+IPTP+PBO+SMC
Nasarawa,Nasarawa-Eggon,CM,IPTp,PBO(2025),SMC,No IPTi,Not-pri,CM+IPTP+PBO+SMC
Nasarawa,Nasarawa2,CM,IPTp,PBO(2025),SMC,No IPTi,Not-pri,CM+IPTP+PBO+SMC
Nasarawa,Obi2,CM,IPTp,PBO(2025),SMC,No IPTi,Not-pri,CM+IPTP+PBO+SMC
Nasarawa,Toto,CM,IPTp,PBO(2025),SMC,No IPTi,Not-pri,CM+IPTP+PBO+SMC
Nasarawa,Wamba,CM,IPTp,PBO(2025),SMC,No IPTi,Not-pri,CM+IPTP+PBO+SMC
Niger,Agaie,CM,IPTp,Dual AI(2025),SMC,No IPTi,Not-pri,CM+IPTP+Dual AI+SMC
Niger,Agwara,CM,IPTp,Dual AI(2025),SMC,No IPTi,Not-pri,CM+IPTP+Dual AI+SMC
Niger,Bida,CM,IPTp,Dual AI(2025),SMC,No IPTi,Not-pri,CM+IPTP+Dual AI+SMC
Niger,Borgu,CM,IPTp,Dual AI(2025),SMC,No IPTi,Not-pri,CM+IPTP+Dual AI+SMC
Niger,Bosso,CM,IPTp,Dual AI(2025),SMC,No IPTi,Not-pri,CM+IPTP+Dual AI+SMC
Niger,Chanchaga,CM,IPTp,Dual AI(2025),SMC,No IPTi,Not-pri,CM+IPTP+Dual AI+SMC
Niger,Edati,CM,IPTp,Dual AI(2025),SMC,No IPTi,Not-pri,CM+IPTP+Dual AI+SMC
Niger,Gbako,CM,IPTp,Dual AI(2025),SMC,No IPTi,Not-pri,CM+IPTP+Dual AI+SMC
Niger,Gurara,CM,IPTp,Dual AI(2025),SMC,No IPTi,Not-pri,CM+IPTP+Dual AI+SMC
Niger,Katcha,CM,IPTp,Dual AI(2025),SMC,No IPTi,Not-pri,CM+IPTP+Dual AI+SMC
Niger,Kontagora,CM,IPTp,Dual AI(2025),SMC,No IPTi,Not-pri,CM+IPTP+Dual AI+SMC
Niger,Lapai,CM,IPTp,Dual AI(2025),SMC,No IPTi,Not-pri,CM+IPTP+Dual AI+SMC
Niger,Lavun,CM,IPTp,Dual AI(2025),SMC,No IPTi,Not-pri,CM+IPTP+Dual AI+SMC
Niger,Magama,CM,IPTp,Dual AI(2025),SMC,No IPTi,Not-pri,CM+IPTP+Dual AI+SMC
Niger,Mariga,CM,IPTp,Dual AI(2025),SMC,No IPTi,Not-pri,CM+IPTP+Dual AI+SMC
Niger,Mashegu,CM,IPTp,Dual AI(2025),SMC,No IPTi,Not-pri,CM+IPTP+Dual AI+SMC
Niger,Mokwa,CM,IPTp,Dual AI(2025),SMC,No IPTi,Not-pri,CM+IPTP+Dual AI+SMC
Niger,Muya,CM,IPTp,Dual AI(2025),SMC,No IPTi,Not-pri,CM+IPTP+Dual AI+SMC
Niger,Pailoro,CM,IPTp,Dual AI(2025),SMC,No IPTi,Not-pri,CM+IPTP+Dual AI+SMC
Niger,Rafi,CM,IPTp,Dual AI(2025),SMC,No IPTi,Not-pri,CM+IPTP+Dual AI+SMC
Niger,Rijau,CM,IPTp,Dual AI(2025),SMC,No IPTi,Not-pri,CM+IPTP+Dual AI+SMC
Niger,Shiroro,CM,IPTp,Dual AI(2025),SMC,No IPTi,Not-pri,CM+IPTP+Dual AI+SMC
Niger,Suleja,CM,IPTp,Dual AI(2025),SMC,No IPTi,Not-pri,CM+IPTP+Dual AI+SMC
Niger,Tafa,CM,IPTp,Dual AI(2025),SMC,No IPTi,Not-pri,CM+IPTP+Dual AI+SMC
Niger,Wushishi,CM,IPTp,Dual AI(2025),SMC,No IPTi,Not-pri,CM+IPTP+Dual AI+SMC
Ogun,Abeokuta North,CM,IPTp,Urban-Dual AI(2024),No SMC,IPTi,Not-pri,CM+IPTP+Urban-Dual AI+IPTi
Ogun,Abeokuta South,CM,IPTp,Urban-Dual AI(2024),No SMC,IPTi,Not-pri,CM+IPTP+Urban-Dual AI+IPTi
Ogun,Ado-Odo/Ota,CM,IPTp,Dual AI(2024),No SMC,IPTi,Not-pri,CM+IPTP+Dual AI+IPTi
Ogun,Egbado North,CM,IPTp,Dual AI(2024),No SMC,IPTi,Not-pri,CM+IPTP+Dual AI+IPTi
Ogun,Egbado South,CM,IPTp,Dual AI(2024),No SMC,IPTi,Not-pri,CM+IPTP+Dual AI+IPTi
Ogun,Ewekoro,CM,IPTp,Dual AI(2024),No SMC,IPTi,Not-pri,CM+IPTP+Dual AI+IPTi
Ogun,Ifo,CM,IPTp,Dual AI(2024),No SMC,IPTi,Not-pri,CM+IPTP+Dual AI+IPTi
Ogun,Ijebu East,CM,IPTp,Dual AI(2024),No SMC,IPTi,Not-pri,CM+IPTP+Dual AI+IPTi
Ogun,Ijebu North,CM,IPTp,Dual AI(2024),No SMC,IPTi,Not-pri,CM+IPTP+Dual AI+IPTi
Ogun,Ijebu North East,CM,IPTp,Dual AI(2024),No SMC,IPTi,Not-pri,CM+IPTP+Dual AI+IPTi
Ogun,Ijebu ode,CM,IPTp,Dual AI(2024),No SMC,IPTi,Not-pri,CM+IPTP+Dual AI+IPTi
Ogun,Ikenne,CM,IPTp,Dual AI(2024),No SMC,IPTi,Not-pri,CM+IPTP+Dual AI+IPTi
Ogun,Imeko-Afon,CM,IPTp,Dual AI(2024),No SMC,IPTi,Not-pri,CM+IPTP+Dual AI+IPTi
Ogun,Ipokia,CM,IPTp,Dual AI(2024),No SMC,IPTi,Not-pri,CM+IPTP+Dual AI+IPTi
Ogun,Obafemi-Owode,CM,IPTp,Dual AI(2024),No SMC,IPTi,Not-pri,CM+IPTP+Dual AI+IPTi
Ogun,Odeda,CM,IPTp,Dual AI(2024),No SMC,IPTi,Not-pri,CM+IPTP+Dual AI+IPTi
Ogun,Odogbolu,CM,IPTp,Dual AI(2024),No SMC,IPTi,Not-pri,CM+IPTP+Dual AI+IPTi
Ogun,Ogun waterside,CM,IPTp,Dual AI(2024),No SMC,IPTi,Not-pri,CM+IPTP+Dual AI+IPTi
Ogun,Remo North,CM,IPTp,Dual AI(2024),No SMC,IPTi,Not-pri,CM+IPTP+Dual AI+IPTi
Ogun,Shagamu,CM,IPTp,Dual AI(2024),No SMC,IPTi,Not-pri,CM+IPTP+Dual AI+IPTi
Ondo,Akoko North East,CM,IPTp,PBO(2024),No SMC,IPTi,Not-pri,CM+IPTP+PBO+IPTi
Ondo,Akoko North West,CM,IPTp,PBO(2024),No SMC,IPTi,Not-pri,CM+IPTP+PBO+IPTi
Ondo,Akoko South East,CM,IPTp,PBO(2024),No SMC,IPTi,Not-pri,CM+IPTP+PBO+IPTi
Ondo,Akoko South West,CM,IPTp,PBO(2024),No SMC,IPTi,Not-pri,CM+IPTP+PBO+IPTi
Ondo,Akure North,CM,IPTp,Urban-PBO(2024),No SMC,IPTi,Not-pri,CM+IPTP+Urban-PBO+IPTi
Ondo,Akure South,CM,IPTp,Urban-PBO(2024),No SMC,IPTi,Not-pri,CM+IPTP+Urban-PBO+IPTi
Ondo,Ese-Odo,CM,IPTp,PBO(2024),No SMC,IPTi,Not-pri,CM+IPTP+PBO+IPTi
Ondo,Idanre,CM,IPTp,PBO(2024),No SMC,IPTi,Not-pri,CM+IPTP+PBO+IPTi
Ondo,Ifedore,CM,IPTp,PBO(2024),No SMC,IPTi,Not-pri,CM+IPTP+PBO+IPTi
Ondo,Ilaje,CM,IPTp,PBO(2024),No SMC,IPTi,Not-pri,CM+IPTP+PBO+IPTi
Ondo,Ile-Oluji-Okeigbo,CM,IPTp,PBO(2024),No SMC,IPTi,Not-pri,CM+IPTP+PBO+IPTi
Ondo,Irele,CM,IPTp,PBO(2024),No SMC,IPTi,Not-pri,CM+IPTP+PBO+IPTi
Ondo,Odigbo,CM,IPTp,PBO(2024),No SMC,IPTi,Not-pri,CM+IPTP+PBO+IPTi
Ondo,Okitipupa,CM,IPTp,PBO(2024),No SMC,IPTi,Not-pri,CM+IPTP+PBO+IPTi
Ondo,Ondo East,CM,IPTp,PBO(2024),No SMC,IPTi,Not-pri,CM+IPTP+PBO+IPTi
Ondo,Ondo West,CM,IPTp,PBO(2024),No SMC,IPTi,Not-pri,CM+IPTP+PBO+IPTi
Ondo,Ose,CM,IPTp,PBO(2024),No SMC,IPTi,Not-pri,CM+IPTP+PBO+IPTi
Ondo,Owo,CM,IPTp,PBO(2024),No SMC,IPTi,Not-pri,CM+IPTP+PBO+IPTi
Osun,Aiyedade,CM,IPTp,"PBO(2023,2026)",No SMC,IPTi,Not-pri,CM+IPTP+PBO+IPTi
Osun,Aiyedire,CM,IPTp,"PBO(2023,2026)",No SMC,IPTi,Not-pri,CM+IPTP+PBO+IPTi
Osun,Atakumosa East,CM,IPTp,"PBO(2023,2026)",No SMC,IPTi,Not-pri,CM+IPTP+PBO+IPTi
Osun,Atakumosa West,CM,IPTp,"PBO(2023,2026)",No SMC,IPTi,Not-pri,CM+IPTP+PBO+IPTi
Osun,Boluwaduro,CM,IPTp,"PBO(2023,2026)",No SMC,IPTi,Not-pri,CM+IPTP+PBO+IPTi
Osun,Boripe,CM,IPTp,"PBO(2023,2026)",No SMC,IPTi,Not-pri,CM+IPTP+PBO+IPTi
Osun,Ede North,CM,IPTp,"Urban-PBO(2023,2026)",No SMC,IPTi,Not-pri,CM+IPTP+Urban-PBO+IPTi
Osun,Ede South,CM,IPTp,"Urban-PBO(2023,2026)",No SMC,IPTi,Not-pri,CM+IPTP+Urban-PBO+IPTi
Osun,Egbedore,CM,IPTp,"Urban-PBO(2023,2026)",No SMC,IPTi,Not-pri,CM+IPTP+Urban-PBO+IPTi
Osun,Ejigbo,CM,IPTp,"PBO(2023,2026)",No SMC,IPTi,Not-pri,CM+IPTP+PBO+IPTi
Osun,Ife Central,CM,IPTp,"PBO(2023,2026)",No SMC,IPTi,Not-pri,CM+IPTP+PBO+IPTi
Osun,Ife East,CM,IPTp,"PBO(2023,2026)",No SMC,IPTi,Not-pri,CM+IPTP+PBO+IPTi
Osun,Ife North,CM,IPTp,"Urban-PBO(2023,2026)",No SMC,IPTi,Not-pri,CM+IPTP+Urban-PBO+IPTi
Osun,Ife South,CM,IPTp,"PBO(2023,2026)",No SMC,IPTi,Not-pri,CM+IPTP+PBO+IPTi
Osun,Ifedayo,CM,IPTp,"PBO(2023,2026)",No SMC,IPTi,Not-pri,CM+IPTP+PBO+IPTi
Osun,Ifelodun2,CM,IPTp,"Urban-PBO(2023,2026)",No SMC,IPTi,Not-pri,CM+IPTP+Urban-PBO+IPTi
Osun,Ila,CM,IPTp,"PBO(2023,2026)",No SMC,IPTi,Not-pri,CM+IPTP+PBO+IPTi
Osun,Ilesha East,CM,IPTp,"PBO(2023,2026)",No SMC,IPTi,Not-pri,CM+IPTP+PBO+IPTi
Osun,Ilesha West,CM,IPTp,"PBO(2023,2026)",No SMC,IPTi,Not-pri,CM+IPTP+PBO+IPTi
Osun,Irepodun2,CM,IPTp,"Urban-PBO(2023,2026)",No SMC,IPTi,Not-pri,CM+IPTP+Urban-PBO+IPTi
Osun,Irewole,CM,IPTp,"PBO(2023,2026)",No SMC,IPTi,Not-pri,CM+IPTP+PBO+IPTi
Osun,Isokan,CM,IPTp,"PBO(2023,2026)",No SMC,IPTi,Not-pri,CM+IPTP+PBO+IPTi
Osun,Iwo,CM,IPTp,"PBO(2023,2026)",No SMC,IPTi,Not-pri,CM+IPTP+PBO+IPTi
Osun,Obokun,CM,IPTp,"PBO(2023,2026)",No SMC,IPTi,Not-pri,CM+IPTP+PBO+IPTi
Osun,Odo-Otin,CM,IPTp,"PBO(2023,2026)",No SMC,IPTi,Not-pri,CM+IPTP+PBO+IPTi
Osun,Ola-oluwa,CM,IPTp,"PBO(2023,2026)",No SMC,IPTi,Not-pri,CM+IPTP+PBO+IPTi
Osun,Olorunda,CM,IPTp,"Urban-PBO(2023,2026)",No SMC,IPTi,Not-pri,CM+IPTP+Urban-PBO+IPTi
Osun,Oriade,CM,IPTp,"PBO(2023,2026)",No SMC,IPTi,Not-pri,CM+IPTP+PBO+IPTi
Osun,Orolu,CM,IPTp,"Urban-PBO(2023,2026)",No SMC,IPTi,Not-pri,CM+IPTP+Urban-PBO+IPTi
Osun,Osogbo,CM,IPTp,"Urban-PBO(2023,2026)",No SMC,IPTi,Not-pri,CM+IPTP+Urban-PBO+IPTi
Oyo,Afijio,CM,IPTp,PBO(2024),No SMC,IPTi,Not-pri,CM+IPTP+PBO+IPTi
Oyo,Akinyele,CM,IPTp,PBO(2024),No SMC,IPTi,Not-pri,CM+IPTP+PBO+IPTi
Oyo,Atiba,CM,IPTp,PBO(2024),No SMC,IPTi,Not-pri,CM+IPTP+PBO+IPTi
Oyo,Atigbo,CM,IPTp,PBO(2024),No SMC,IPTi,Not-pri,CM+IPTP+PBO+IPTi
Oyo,Egbeda,CM,IPTp,PBO(2024),No SMC,IPTi,Not-pri,CM+IPTP+PBO+IPTi
Oyo,Ibadan North,CM,IPTp,Urban-PBO(2024),No SMC,IPTi,Not-pri,CM+IPTP+Urban-PBO+IPTi
Oyo,Ibadan North East,CM,IPTp,Urban-PBO(2024),No SMC,IPTi,Not-pri,CM+IPTP+Urban-PBO+IPTi
Oyo,Ibadan North West,CM,IPTp,Urban-PBO(2024),No SMC,IPTi,Not-pri,CM+IPTP+Urban-PBO+IPTi
Oyo,Ibadan South East,CM,IPTp,Urban-PBO(2024),No SMC,IPTi,Not-pri,CM+IPTP+Urban-PBO+IPTi
Oyo,Ibadan South West,CM,IPTp,Urban-PBO(2024),No SMC,IPTi,Not-pri,CM+IPTP+Urban-PBO+IPTi
Oyo,Ibarapa Central,CM,IPTp,PBO(2024),No SMC,IPTi,Not-pri,CM+IPTP+PBO+IPTi
Oyo,Ibarapa East,CM,IPTp,PBO(2024),No SMC,IPTi,Not-pri,CM+IPTP+PBO+IPTi
Oyo,Ibarapa North,CM,IPTp,PBO(2024),No SMC,IPTi,Not-pri,CM+IPTP+PBO+IPTi
Oyo,Ido,CM,IPTp,PBO(2024),No SMC,IPTi,Not-pri,CM+IPTP+PBO+IPTi
Oyo,Irepo,CM,IPTp,PBO(2024),SMC,No IPTi,Not-pri,CM+IPTP+PBO+SMC
Oyo,Iseyin,CM,IPTp,PBO(2024),No SMC,IPTi,Not-pri,CM+IPTP+PBO+IPTi
Oyo,Itesiwaju,CM,IPTp,PBO(2024),No SMC,IPTi,Not-pri,CM+IPTP+PBO+IPTi
Oyo,Iwajowa,CM,IPTp,PBO(2024),No SMC,IPTi,Not-pri,CM+IPTP+PBO+IPTi
Oyo,Kajola,CM,IPTp,PBO(2024),No SMC,IPTi,Not-pri,CM+IPTP+PBO+IPTi
Oyo,Lagelu,CM,IPTp,PBO(2024),No SMC,IPTi,Not-pri,CM+IPTP+PBO+IPTi
Oyo,Ogbomosho North,CM,IPTp,Urban-PBO(2024),SMC,No IPTi,Not-pri,CM+IPTP+Urban-PBO+SMC
Oyo,Ogbomosho South,CM,IPTp,Urban-PBO(2024),No SMC,IPTi,Not-pri,CM+IPTP+Urban-PBO+IPTi
Oyo,Ogo Oluwa,CM,IPTp,PBO(2024),No SMC,IPTi,Not-pri,CM+IPTP+PBO+IPTi
Oyo,Olorunsogo,CM,IPTp,PBO(2024),SMC,No IPTi,Not-pri,CM+IPTP+PBO+SMC
Oyo,Oluyole,CM,IPTp,PBO(2024),No SMC,IPTi,Not-pri,CM+IPTP+PBO+IPTi
Oyo,Ona-Ara,CM,IPTp,PBO(2024),No SMC,IPTi,Not-pri,CM+IPTP+PBO+IPTi
Oyo,Orelope,CM,IPTp,PBO(2024),No SMC,IPTi,Not-pri,CM+IPTP+PBO+IPTi
Oyo,Ori Ire,CM,IPTp,PBO(2024),No SMC,IPTi,Not-pri,CM+IPTP+PBO+IPTi
Oyo,Oyo East,CM,IPTp,PBO(2024),No SMC,IPTi,Not-pri,CM+IPTP+PBO+IPTi
Oyo,Oyo West,CM,IPTp,PBO(2024),No SMC,IPTi,Not-pri,CM+IPTP+PBO+IPTi
Oyo,Saki East,CM,IPTp,PBO(2024),SMC,No IPTi,Not-pri,CM+IPTP+PBO+SMC
Oyo,Saki West,CM,IPTp,PBO(2024),SMC,No IPTi,Not-pri,CM+IPTP+PBO+SMC
Oyo,Surulere2,CM,IPTp,PBO(2024),No SMC,IPTi,Not-pri,CM+IPTP+PBO+IPTi
Plateau,Barikin Ladi,CM,IPTp,PBO(2024),SMC,No IPTi,Not-pri,CM+IPTP+PBO+SMC
Plateau,Bassa2,CM,IPTp,PBO(2024),SMC,No IPTi,Not-pri,CM+IPTP+PBO+SMC
Plateau,Bokkos,CM,IPTp,PBO(2024),SMC,No IPTi,Not-pri,CM+IPTP+PBO+SMC
Plateau,Jos East,CM,IPTp,Urban-PBO(2024),SMC,No IPTi,Not-pri,CM+IPTP+Urban-PBO+SMC
Plateau,Jos North,CM,IPTp,Urban-PBO(2024),SMC,No IPTi,Not-pri,CM+IPTP+Urban-PBO+SMC
Plateau,Jos South,CM,IPTp,Urban-PBO(2024),SMC,No IPTi,Not-pri,CM+IPTP+Urban-PBO+SMC
Plateau,Kanam,CM,IPTp,PBO(2024),SMC,No IPTi,Not-pri,CM+IPTP+PBO+SMC
Plateau,Kanke,CM,IPTp,PBO(2024),SMC,No IPTi,Not-pri,CM+IPTP+PBO+SMC
Plateau,Langtang North,CM,IPTp,PBO(2024),SMC,No IPTi,Not-pri,CM+IPTP+PBO+SMC
Plateau,Langtang South,CM,IPTp,PBO(2024),SMC,No IPTi,Not-pri,CM+IPTP+PBO+SMC
Plateau,Mangu,CM,IPTp,PBO(2024),SMC,No IPTi,Not-pri,CM+IPTP+PBO+SMC
Plateau,Mikang,CM,IPTp,PBO(2024),SMC,No IPTi,Not-pri,CM+IPTP+PBO+SMC
Plateau,Pankshin,CM,IPTp,PBO(2024),SMC,No IPTi,Not-pri,CM+IPTP+PBO+SMC
Plateau,Qua'an Pan,CM,IPTp,PBO(2024),SMC,No IPTi,Not-pri,CM+IPTP+PBO+SMC
Plateau,Riyom,CM,IPTp,PBO(2024),SMC,No IPTi,Not-pri,CM+IPTP+PBO+SMC
Plateau,Shendam,CM,IPTp,PBO(2024),SMC,No IPTi,Not-pri,CM+IPTP+PBO+SMC
Plateau,Wase,CM,IPTp,PBO(2024),SMC,No IPTi,Not-pri,CM+IPTP+PBO+SMC
Rivers,Abua/Odual,CM,IPTp,PBO(2024),No SMC,IPTi,Not-pri,CM+IPTP+PBO+IPTi
Rivers,Ahoada East,CM,IPTp,PBO(2024),No SMC,IPTi,Not-pri,CM+IPTP+PBO+IPTi
Rivers,Ahoada West,CM,IPTp,PBO(2024),No SMC,IPTi,Not-pri,CM+IPTP+PBO+IPTi
Rivers,Akuku Toru,CM,IPTp,PBO(2024),No SMC,IPTi,Not-pri,CM+IPTP+PBO+IPTi
Rivers,Andoni,CM,IPTp,PBO(2024),No SMC,IPTi,Not-pri,CM+IPTP+PBO+IPTi
Rivers,Asari-Toru,CM,IPTp,PBO(2024),No SMC,IPTi,Not-pri,CM+IPTP+PBO+IPTi
Rivers,Bonny,CM,IPTp,PBO(2024),No SMC,IPTi,Not-pri,CM+IPTP+PBO+IPTi
Rivers,Degema,CM,IPTp,PBO(2024),No SMC,IPTi,Not-pri,CM+IPTP+PBO+IPTi
Rivers,Eleme,CM,IPTp,PBO(2024),No SMC,IPTi,Not-pri,CM+IPTP+PBO+IPTi
Rivers,Emohua,CM,IPTp,PBO(2024),No SMC,IPTi,Not-pri,CM+IPTP+PBO+IPTi
Rivers,Etche,CM,IPTp,PBO(2024),No SMC,IPTi,Not-pri,CM+IPTP+PBO+IPTi
Rivers,Gokana,CM,IPTp,PBO(2024),No SMC,IPTi,Not-pri,CM+IPTP+PBO+IPTi
Rivers,Ikwerre,CM,IPTp,PBO(2024),No SMC,IPTi,Not-pri,CM+IPTP+PBO+IPTi
Rivers,Khana,CM,IPTp,PBO(2024),No SMC,IPTi,Not-pri,CM+IPTP+PBO+IPTi
Rivers,Obia/Akpor,CM,IPTp,PBO(2024),No SMC,IPTi,Not-pri,CM+IPTP+PBO+IPTi
Rivers,Ogba/Egbema/Ndoni,CM,IPTp,PBO(2024),No SMC,IPTi,Not-pri,CM+IPTP+PBO+IPTi
Rivers,Ogu/Bolo,CM,IPTp,PBO(2024),No SMC,IPTi,Not-pri,CM+IPTP+PBO+IPTi
Rivers,Okrika,CM,IPTp,PBO(2024),No SMC,IPTi,Not-pri,CM+IPTP+PBO+IPTi
Rivers,Omumma,CM,IPTp,PBO(2024),No SMC,IPTi,Not-pri,CM+IPTP+PBO+IPTi
Rivers,Opobo/Nkoro,CM,IPTp,PBO(2024),No SMC,IPTi,Not-pri,CM+IPTP+PBO+IPTi
Rivers,Oyigbo,CM,IPTp,PBO(2024),No SMC,IPTi,Not-pri,CM+IPTP+PBO+IPTi
Rivers,Port-Harcourt,CM,IPTp,Urban-PBO(2024),No SMC,IPTi,Not-pri,CM+IPTP+Urban-PBO+IPTi
Rivers,Tai,CM,IPTp,PBO(2024),No SMC,IPTi,Not-pri,CM+IPTP+PBO+IPTi
Sokoto,Binji,CM,IPTp,PBO(2024),SMC,No IPTi,Not-pri,CM+IPTP+PBO+SMC
Sokoto,Bodinga,CM,IPTp,PBO(2024),SMC,No IPTi,Not-pri,CM+IPTP+PBO+SMC
Sokoto,Dange-Shnsi,CM,IPTp,PBO(2024),SMC,No IPTi,Not-pri,CM+IPTP+PBO+SMC
Sokoto,Gada,CM,IPTp,PBO(2024),SMC,No IPTi,Not-pri,CM+IPTP+PBO+SMC
Sokoto,Gawabawa,CM,IPTp,PBO(2024),SMC,No IPTi,Not-pri,CM+IPTP+PBO+SMC
Sokoto,Goronyo,CM,IPTp,PBO(2024),SMC,No IPTi,Not-pri,CM+IPTP+PBO+SMC
Sokoto,Gudu,CM,IPTp,PBO(2024),SMC,No IPTi,Not-pri,CM+IPTP+PBO+SMC
Sokoto,Illela,CM,IPTp,PBO(2024),SMC,No IPTi,Not-pri,CM+IPTP+PBO+SMC
Sokoto,Isa,CM,IPTp,PBO(2024),SMC,No IPTi,Not-pri,CM+IPTP+PBO+SMC
Sokoto,Kebbe,CM,IPTp,PBO(2024),SMC,No IPTi,Not-pri,CM+IPTP+PBO+SMC
Sokoto,Kware,CM,IPTp,PBO(2024),SMC,No IPTi,Not-pri,CM+IPTP+PBO+SMC
Sokoto,Rabah,CM,IPTp,PBO(2024),SMC,No IPTi,Not-pri,CM+IPTP+PBO+SMC
Sokoto,Sabon Birni,CM,IPTp,PBO(2024),SMC,No IPTi,Not-pri,CM+IPTP+PBO+SMC
Sokoto,Shagari,CM,IPTp,PBO(2024),SMC,No IPTi,Not-pri,CM+IPTP+PBO+SMC
Sokoto,Silame,CM,IPTp,PBO(2024),SMC,No IPTi,Not-pri,CM+IPTP+PBO+SMC
Sokoto,Sokoto North,CM,IPTp,Urban-PBO(2024),SMC,No IPTi,Not-pri,CM+IPTP+Urban-PBO+SMC
Sokoto,Sokoto South,CM,IPTp,Urban-PBO(2024),SMC,No IPTi,Not-pri,CM+IPTP+Urban-PBO+SMC
Sokoto,Tambuwal,CM,IPTp,PBO(2024),SMC,No IPTi,Not-pri,CM+IPTP+PBO+SMC
Sokoto,Tangaza,CM,IPTp,PBO(2024),SMC,No IPTi,Not-pri,CM+IPTP+PBO+SMC
Sokoto,Tureta,CM,IPTp,PBO(2024),SMC,No IPTi,Not-pri,CM+IPTP+PBO+SMC
Sokoto,Wamako,CM,IPTp,PBO(2024),SMC,No IPTi,Not-pri,CM+IPTP+PBO+SMC
Sokoto,Wurno,CM,IPTp,PBO(2024),SMC,No IPTi,Not-pri,CM+IPTP+PBO+SMC
Sokoto,Yabo,CM,IPTp,PBO(2024),SMC,No IPTi,Not-pri,CM+IPTP+PBO+SMC
Taraba,Ardo-Kola,CM,IPTp,PBO(2025),SMC,No IPTi,Not-pri,CM+IPTP+PBO+SMC
Taraba,Bali,CM,IPTp,PBO(2025),No SMC,IPTi,Not-pri,CM+IPTP+PBO+IPTi
Taraba,Donga,CM,IPTp,PBO(2025),No SMC,IPTi,Not-pri,CM+IPTP+PBO+IPTi
Taraba,Gashaka,CM,IPTp,PBO(2025),No SMC,IPTi,Not-pri,CM+IPTP+PBO+IPTi
Taraba,Gassol,CM,IPTp,PBO(2025),SMC,No IPTi,Not-pri,CM+IPTP+PBO+SMC
Taraba,Ibi,CM,IPTp,PBO(2025),SMC,No IPTi,Not-pri,CM+IPTP+PBO+SMC
Taraba,Jalingo,CM,IPTp,PBO(2025),SMC,No IPTi,Not-pri,CM+IPTP+PBO+SMC
Taraba,Karin-Lamido,CM,IPTp,PBO(2025),SMC,No IPTi,Not-pri,CM+IPTP+PBO+SMC
Taraba,Kurmi,CM,IPTp,PBO(2025),No SMC,IPTi,Not-pri,CM+IPTP+PBO+IPTi
Taraba,Lau,CM,IPTp,PBO(2025),SMC,No IPTi,Not-pri,CM+IPTP+PBO+SMC
Taraba,Sardauna,CM,IPTp,PBO(2025),No SMC,IPTi,Not-pri,CM+IPTP+PBO+IPTi
Taraba,Takum,CM,IPTp,PBO(2025),No SMC,IPTi,Not-pri,CM+IPTP+PBO+IPTi
Taraba,Ussa,CM,IPTp,PBO(2025),No SMC,IPTi,Not-pri,CM+IPTP+PBO+IPTi
Taraba,Wukari,CM,IPTp,PBO(2025),SMC,No IPTi,Not-pri,CM+IPTP+PBO+SMC
Taraba,Yorro,CM,IPTp,PBO(2025),SMC,No IPTi,Not-pri,CM+IPTP+PBO+SMC
Taraba,Zing,CM,IPTp,PBO(2025),SMC,No IPTi,Not-pri,CM+IPTP+PBO+SMC
Yobe,Bade,CM,IPTp,PBO(2025),SMC,No IPTi,Not-pri,CM+IPTP+PBO+SMC
Yobe,Bursari,CM,IPTp,PBO(2025),SMC,No IPTi,Not-pri,CM+IPTP+PBO+SMC
Yobe,Damaturu,CM,IPTp,PBO(2025),SMC,No IPTi,Not-pri,CM+IPTP+PBO+SMC
Yobe,Fika,CM,IPTp,PBO(2025),SMC,No IPTi,Not-pri,CM+IPTP+PBO+SMC
Yobe,Fune,CM,IPTp,PBO(2025),SMC,No IPTi,Not-pri,CM+IPTP+PBO+SMC
Yobe,Geidam,CM,IPTp,PBO(2025),SMC,No IPTi,Not-pri,CM+IPTP+PBO+SMC
Yobe,Gujba,CM,IPTp,PBO(2025),SMC,No IPTi,Not-pri,CM+IPTP+PBO+SMC
Yobe,Gulani,CM,IPTp,PBO(2025),SMC,No IPTi,Not-pri,CM+IPTP+PBO+SMC
Yobe,Jakusko,CM,IPTp,PBO(2025),SMC,No IPTi,Not-pri,CM+IPTP+PBO+SMC
Yobe,Karasuwa,CM,IPTp,PBO(2025),SMC,No IPTi,Not-pri,CM+IPTP+PBO+SMC
Yobe,Machina,CM,IPTp,PBO(2025),SMC,No IPTi,Not-pri,CM+IPTP+PBO+SMC
Yobe,Nangere,CM,IPTp,PBO(2025),SMC,No IPTi,Not-pri,CM+IPTP+PBO+SMC
Yobe,Nguru,CM,IPTp,PBO(2025),SMC,No IPTi,Not-pri,CM+IPTP+PBO+SMC
Yobe,Potiskum,CM,IPTp,PBO(2025),SMC,No IPTi,Not-pri,CM+IPTP+PBO+SMC
Yobe,Tarmua,CM,IPTp,PBO(2025),SMC,No IPTi,Not-pri,CM+IPTP+PBO+SMC
Yobe,Yunusari,CM,IPTp,PBO(2025),SMC,No IPTi,Not-pri,CM+IPTP+PBO+SMC
Yobe,Yusufari,CM,IPTp,PBO(2025),SMC,No IPTi,Not-pri,CM+IPTP+PBO+SMC
Zamfara,Anka,CM,IPTp,PBO(2024),SMC,No IPTi,Not-pri,CM+IPTP+PBO+SMC
Zamfara,Bakura,CM,IPTp,PBO(2024),SMC,No IPTi,Not-pri,CM+IPTP+PBO+SMC
Zamfara,Birnin Magaji,CM,IPTp,PBO(2024),SMC,No IPTi,Not-pri,CM+IPTP+PBO+SMC
Zamfara,Bukkuyum,CM,IPTp,PBO(2024),SMC,No IPTi,Not-pri,CM+IPTP+PBO+SMC
Zamfara,Bungudu,CM,IPTp,PBO(2024),SMC,No IPTi,Not-pri,CM+IPTP+PBO+SMC
Zamfara,Gummi,CM,IPTp,PBO(2024),SMC,No IPTi,Not-pri,CM+IPTP+PBO+SMC
Zamfara,Gusau,CM,IPTp,PBO(2024),SMC,No IPTi,Not-pri,CM+IPTP+PBO+SMC
Zamfara,Kaura-Namoda,CM,IPTp,PBO(2024),SMC,No IPTi,Not-pri,CM+IPTP+PBO+SMC
Zamfara,Maradun,CM,IPTp,PBO(2024),SMC,No IPTi,Not-pri,CM+IPTP+PBO+SMC
Zamfara,Maru,CM,IPTp,PBO(2024),SMC,No IPTi,Not-pri,CM+IPTP+PBO+SMC
Zamfara,Shinkafi,CM,IPTp,PBO(2024),SMC,No IPTi,Not-pri,CM+IPTP+PBO+SMC
Zamfara,Talata Mafara,CM,IPTp,PBO(2024),SMC,No IPTi,Not-pri,CM+IPTP+PBO+SMC
Zamfara,Tsafe,CM,IPTp,PBO(2024),SMC,No IPTi,Not-pri,CM+IPTP+PBO+SMC
Zamfara,Zurmi,CM,IPTp,PBO(2024),SMC,No IPTi,Not-pri,CM+IPTP+PBO+SMC
